week_end,composite_nominal,markets_used,price_jaen,price_bari,price_chania,hicp,composite_real,real_smoothed,z,score_b
2010-06-27,217.8349,"jaen,bari",201.3300,269.0000,,89.4414,243.5504,,,
2010-07-04,215.5666,"jaen,bari",198.3300,269.0000,,89.0582,242.0515,,,
2010-07-11,215.5666,"jaen,bari",198.3300,269.0000,,89.0582,242.0515,,,
2010-07-18,215.3151,"jaen,bari",198.3200,268.0000,,89.0582,241.7691,242.0515,,
2010-07-25,214.1885,"jaen,bari",196.8300,268.0000,,89.0582,240.5041,241.9103,,
2010-08-01,214.1885,"jaen,bari",196.8300,268.0000,,89.2402,240.0135,241.1366,,
2010-08-08,197.2730,"jaen,chania",195.3200,,204.0000,89.2402,221.0584,240.2588,,
2010-08-15,197.2730,"jaen,chania",195.3200,,204.0000,89.2402,221.0584,230.5360,,
2010-08-22,197.2730,"jaen,chania",195.3200,,204.0000,89.2402,221.0584,221.0584,,
2010-08-29,198.4433,"jaen,chania",196.8300,,204.0000,89.2402,222.3698,221.0584,,
2010-09-05,197.2730,"jaen,chania",195.3200,,204.0000,89.5181,220.3723,221.0584,,
2010-09-12,211.9546,"jaen,bari,chania",196.8300,266.0000,204.0000,89.5181,236.7730,221.7141,,
2010-09-19,211.0246,"jaen,bari,chania",195.3300,266.0000,204.0000,89.5181,235.7341,229.0519,,
2010-09-26,211.4184,"jaen,bari,chania",195.3200,268.0000,204.0000,89.5181,236.1740,235.9541,,
2010-10-03,211.0184,"jaen,bari,chania",195.3200,266.0000,204.0000,89.7863,235.0228,235.9541,,
2010-10-10,210.4184,"jaen,bari,chania",195.3200,263.0000,204.0000,89.7863,234.3546,235.3785,,
2010-10-17,210.0184,"jaen,bari,chania",195.3200,261.0000,204.0000,89.7863,233.9091,234.6887,,
2010-10-24,207.8922,"jaen,bari,chania",189.3100,269.0000,204.0000,89.7863,231.5410,234.1318,,
2010-10-31,213.7546,"jaen,bari,chania",196.8300,275.0000,204.0000,89.7863,238.0703,234.1318,,
2010-11-07,213.9546,"jaen,bari,chania",196.8300,276.0000,204.0000,89.8630,238.0898,235.9897,,
2010-11-14,210.4184,"jaen,bari,chania",195.3200,263.0000,204.0000,89.8630,234.1547,236.1125,,
2010-11-21,212.7484,"jaen,bari,chania",196.8200,270.0000,204.0000,89.8630,236.7475,237.4089,,
2010-11-28,217.3484,"jaen,bari,chania",196.8200,293.0000,204.0000,89.8630,241.8664,237.4187,,
2010-12-05,216.5484,"jaen,bari,chania",196.8200,289.0000,204.0000,90.4091,239.5205,238.1340,,
2010-12-12,216.9484,"jaen,bari,chania",196.8200,291.0000,204.0000,90.4091,239.9630,239.7417,,
2010-12-19,218.3484,"jaen,bari,chania",196.8200,298.0000,204.0000,90.4091,241.5115,240.7372,,
2010-12-26,218.4146,"jaen,bari,chania",199.8300,298.0000,194.0000,90.4091,241.5847,240.7372,,
2011-01-02,218.4146,"jaen,bari,chania",199.8300,298.0000,194.0000,89.7576,243.3383,241.5481,,
2011-01-09,218.4146,"jaen,bari,chania",199.8300,298.0000,194.0000,89.7576,243.3383,242.4615,,
2011-01-16,216.8546,"jaen,bari,chania",196.8300,304.0000,189.0000,89.7576,241.6003,242.4693,,
2011-01-23,218.9208,"jaen,bari,chania",199.8400,305.0000,189.0000,89.7576,243.9023,243.3383,,
2011-01-30,220.2008,"jaen,bari,chania",199.8400,306.0000,195.0000,89.7576,245.3283,243.6203,,
2011-02-06,220.0008,"jaen,bari,chania",199.8400,305.0000,195.0000,90.1408,244.0634,243.9828,,
2011-02-13,220.2008,"jaen,bari,chania",199.8400,306.0000,195.0000,90.1408,244.2853,244.1743,,
2011-02-20,222.0608,"jaen,bari,chania",202.8400,306.0000,195.0000,90.1408,246.3487,244.8068,,
2011-02-27,221.5246,"jaen,bari,chania",201.3300,308.0000,195.0000,90.1408,245.7539,245.0196,,
2011-03-06,221.4446,"jaen,bari,chania",201.3300,313.0000,189.0000,91.3577,242.3930,245.0196,,
2011-03-13,221.8446,"jaen,bari,chania",201.3300,315.0000,189.0000,91.3577,242.8308,244.2923,,
2011-03-20,222.8446,"jaen,bari,chania",201.3300,320.0000,189.0000,91.3577,243.9254,243.3781,,
2011-03-27,224.0446,"jaen,bari,chania",201.3300,326.0000,189.0000,91.3577,245.2390,243.3781,,
2011-04-03,225.8446,"jaen,bari,chania",201.3300,335.0000,189.0000,91.8655,245.8427,244.5822,,
2011-04-10,229.2446,"jaen,bari,chania",201.3300,352.0000,189.0000,91.8655,249.5438,245.5408,,
2011-04-17,235.8446,"jaen,bari,chania",201.3300,385.0000,189.0000,91.8655,256.7282,247.6933,,
2011-04-24,238.6116,"jaen,bari,chania",204.1800,390.0000,189.0000,91.8655,259.7402,253.1360,,
2011-05-01,237.7446,"jaen,bari,chania",201.3300,390.0000,194.0000,91.8751,258.7695,257.7488,,
2011-05-08,236.9200,"jaen,bari,chania",200.0000,390.0000,194.0000,91.8751,257.8719,258.3207,,
2011-05-15,238.9200,"jaen,bari,chania",200.0000,391.0000,204.0000,91.8751,260.0488,259.2548,,
2011-05-22,239.1572,"jaen,bari,chania",200.0600,392.0000,204.0000,91.8751,260.3070,259.4091,,
2011-05-29,237.7916,"jaen,bari,chania",198.1800,391.0000,204.0000,91.8751,258.8206,259.4347,,
2011-06-05,233.8870,"jaen,bari,chania",192.8500,388.0000,204.0000,91.8655,254.5973,259.4347,,
2011-06-12,232.8870,"jaen,bari,chania",192.8500,383.0000,204.0000,91.8655,253.5087,256.7089,,
2011-06-19,234.7470,"jaen,bari,chania",195.8500,383.0000,204.0000,91.8655,255.5334,255.0653,,
2011-06-26,234.3546,"jaen,bari,chania",196.8300,378.0000,204.0000,91.8655,255.1063,254.8518,,
2011-07-03,234.1546,"jaen,bari,chania",196.8300,377.0000,204.0000,91.3385,256.3591,255.3198,,
2011-07-10,233.7966,"jaen,bari,chania",195.9300,378.0000,204.0000,91.3385,255.9672,255.7503,,
2011-07-17,229.0946,"jaen,bari,chania",193.8300,361.0000,204.0000,91.3385,250.8193,255.5367,,
2011-07-24,229.2946,"jaen,bari,chania",193.8300,362.0000,204.0000,91.3385,251.0383,253.5027,,
2011-07-31,229.2946,"jaen,bari,chania",193.8300,362.0000,204.0000,91.3385,251.0383,251.0383,,
2011-08-07,229.2946,"jaen,bari,chania",193.8300,362.0000,204.0000,91.5110,250.5651,250.9288,,
2011-08-14,229.2946,"jaen,bari,chania",193.8300,362.0000,204.0000,91.5110,250.5651,250.8017,,
2011-08-21,196.1182,"jaen,chania",193.8300,,204.0000,91.5110,214.3112,250.5651,,
2011-08-28,225.6984,"jaen,bari,chania",189.3200,358.0000,204.0000,91.5110,246.6353,248.6002,,
2011-09-04,225.3584,"jaen,bari,chania",192.3200,347.0000,204.0000,92.1817,244.4721,245.5537,,
2011-09-11,222.8284,"jaen,bari,chania",190.8200,339.0000,204.0000,92.1817,241.7275,243.0998,,
2011-09-18,221.0984,"jaen,bari,chania",189.3200,335.0000,204.0000,92.1817,239.8507,243.0998,,
2011-09-25,216.5162,"jaen,bari,chania",184.5100,327.0000,204.0000,92.1817,234.8799,240.7891,,
2011-10-02,214.5162,"jaen,bari,chania",184.5100,317.0000,204.0000,92.5074,231.8908,237.3653,,
2011-10-09,216.6984,"jaen,bari,chania",189.3200,313.0000,204.0000,92.5074,234.2497,234.5648,,
2011-10-16,213.3484,"jaen,bari,chania",187.8200,309.0000,195.0000,92.5074,230.6284,233.0703,,
2011-10-23,209.8122,"jaen,bari,chania",186.3100,296.0000,195.0000,92.5074,226.8058,231.2596,,
2011-10-30,208.8822,"jaen,bari,chania",184.8100,296.0000,195.0000,92.5074,225.8005,228.7171,,
2011-11-06,213.6122,"jaen,bari,chania",186.3100,315.0000,195.0000,92.5841,230.7224,228.7171,,
2011-11-13,205.2784,"jaen,bari,chania",189.3200,264.0000,195.0000,92.5841,221.7211,226.3031,,
2011-11-20,203.6784,"jaen,bari,chania",189.3200,256.0000,195.0000,92.5841,219.9929,223.7608,,
2011-11-27,203.2784,"jaen,bari,chania",189.3200,254.0000,195.0000,92.5841,219.5609,220.8570,,
2011-12-04,202.1484,"jaen,bari,chania",187.8200,253.0000,195.0000,92.9003,217.5972,219.7769,,
2011-12-11,201.8784,"jaen,bari,chania",189.3200,247.0000,195.0000,92.9003,217.3066,218.5791,,
2011-12-18,197.3722,"jaen,bari,chania",183.3100,244.0000,194.0000,92.9003,212.4560,217.4519,,
2011-12-25,193.6760,"jaen,bari,chania",178.8000,244.0000,189.0000,92.9003,208.4774,214.8813,,
2012-01-01,193.6760,"jaen,bari,chania",178.8000,244.0000,189.0000,92.1433,210.1899,211.3230,,
2012-01-08,189.9760,"jaen,bari,chania",178.8000,230.0000,184.0000,92.1433,206.1744,209.3336,,
2012-01-15,190.5760,"jaen,bari,chania",178.8000,233.0000,184.0000,92.1433,206.8256,207.6515,,
2012-01-22,187.9798,"jaen,bari,chania",174.2900,234.0000,184.0000,92.1433,204.0080,206.5000,,
2012-01-29,188.3798,"jaen,bari,chania",174.2900,236.0000,184.0000,92.1433,204.4421,205.3083,,
2012-02-05,189.3160,"jaen,bari,chania",175.8000,236.0000,184.0000,92.6032,204.4378,204.4400,,
2012-02-12,188.3798,"jaen,bari,chania",174.2900,236.0000,184.0000,92.6032,203.4268,204.2229,,
2012-02-19,176.4747,"jaen,chania",174.2900,,184.0000,92.6032,190.5708,203.9323,,
2012-02-26,192.8422,"jaen,bari,chania",181.8100,235.0000,184.0000,92.6032,208.2456,203.9323,,
2012-03-04,189.7160,"jaen,bari,chania",175.8000,238.0000,184.0000,93.8009,202.2539,202.8404,,
2012-03-11,191.1126,"jaen,bari,chania",177.7300,239.0000,184.0000,93.8009,203.7428,202.9984,,
2012-03-18,190.9126,"jaen,bari,chania",177.7300,238.0000,184.0000,93.8009,203.5296,203.6362,,
2012-03-25,188.5750,"jaen,bari,chania",175.2500,234.0000,184.0000,93.8009,201.0375,202.8918,,
2012-04-01,189.1750,"jaen,bari,chania",175.2500,237.0000,184.0000,94.2416,200.7340,202.2836,,
2012-04-08,189.0976,"jaen,bari,chania",174.4800,239.0000,184.0000,94.2416,200.6519,200.8858,,
2012-04-15,190.3578,"jaen,bari,chania",176.1900,240.0000,184.0000,94.2416,201.9891,200.8858,,
2012-04-22,190.9840,"jaen,bari,chania",177.2000,240.0000,184.0000,94.2416,202.6535,201.3615,,
2012-04-29,191.0026,"jaen,bari,chania",177.2300,240.0000,184.0000,94.2416,202.6733,202.3213,,
2012-05-06,190.6554,"jaen,bari,chania",176.6700,240.0000,184.0000,94.1075,202.5932,202.6234,,
2012-05-13,190.8290,"jaen,bari,chania",176.9500,240.0000,184.0000,94.1075,202.7777,202.6634,,
2012-05-20,189.0836,"jaen,bari,chania",174.7800,238.0000,184.0000,94.1075,200.9230,202.6332,,
2012-05-27,190.6212,"jaen,bari,chania",177.2600,238.0000,184.0000,94.1075,202.5569,202.5750,,
2012-06-03,189.6540,"jaen,bari,chania",175.7000,238.0000,184.0000,94.0404,201.6728,202.1148,,
2012-06-10,190.6274,"jaen,bari,chania",177.2700,238.0000,184.0000,94.0404,202.7079,202.1148,,
2012-06-17,190.1036,"jaen,bari,chania",175.7800,240.0000,184.0000,94.0404,202.1509,202.3539,,
2012-06-24,189.6014,"jaen,bari,chania",174.9700,240.0000,184.0000,94.0404,201.6169,201.9119,,
2012-07-01,190.4632,"jaen,bari,chania",176.3600,240.0000,184.0000,93.5422,203.6120,202.4294,,
2012-07-08,190.3670,"jaen,bari,chania",176.8500,238.0000,184.0000,93.5422,203.5092,202.8301,,
2012-07-15,191.8190,"jaen,bari,chania",179.4500,239.0000,182.0000,93.5422,205.0614,203.5606,,
2012-07-22,194.5192,"jaen,bari,chania",183.1600,241.0000,182.0000,93.5422,207.9481,204.3367,,
2012-07-29,200.7148,"jaen,bari,chania",191.5400,246.0000,182.0000,93.5422,214.5714,206.5048,,
2012-08-05,206.6086,"jaen,bari,chania",196.5300,260.0000,182.0000,93.9063,220.0157,211.2597,,
2012-08-12,215.7380,"jaen,bari",201.4600,260.0000,,93.9063,229.7376,217.2935,,
2012-08-19,210.5146,"jaen,bari,chania",202.8300,260.0000,182.0000,93.9063,224.1752,222.0954,,
2012-08-26,205.9950,"jaen,chania",211.8000,,186.0000,93.9063,219.3623,222.0954,,
2012-09-02,226.5390,"jaen,bari,chania",219.4500,285.0000,186.0000,94.5866,239.5044,226.9564,,
2012-09-09,235.3148,"jaen,bari,chania",230.5400,290.0000,191.0000,94.5866,248.7825,231.8398,,
2012-09-16,246.9134,"jaen,bari,chania",247.5700,288.0000,199.0000,94.5866,261.0449,244.1434,,
2012-09-23,257.7108,"jaen,bari,chania",264.3400,290.0000,199.0000,94.5866,272.4603,254.9137,,
2012-09-30,255.5790,"jaen,bari,chania",259.4500,290.0000,204.0000,94.5866,270.2064,265.6257,,
2012-10-07,257.6322,"jaen,bari,chania",261.3100,290.0000,209.0000,94.8069,271.7440,270.9752,,
2012-10-14,254.8250,"jaen,bari,chania",257.7500,287.0000,209.0000,94.8069,268.7831,270.9752,,
2012-10-21,250.2322,"jaen,bari,chania",251.3100,284.0000,209.0000,94.8069,263.9387,269.4948,,
2012-10-28,250.3710,"jaen,bari,chania",248.0500,284.0000,221.0000,94.8069,264.0851,266.4341,,
2012-11-04,249.0724,"jaen,bari,chania",246.0200,282.0000,223.0000,94.6249,263.2208,264.0119,,
2012-11-11,251.0942,"jaen,bari,chania",246.4100,290.0000,224.0000,94.6249,265.3574,264.0119,,
2012-11-18,249.2342,"jaen,bari,chania",243.4100,290.0000,224.0000,94.6249,263.3918,263.7384,,
2012-11-25,239.7634,"jaen,bari,chania",240.0700,262.0000,214.0000,94.6249,253.3830,263.3063,,
2012-12-02,234.3808,"jaen,bari,chania",232.8400,262.0000,209.0000,94.9602,246.8199,258.3874,,
2012-12-09,233.0842,"jaen,bari,chania",230.9100,266.0000,204.0000,94.9602,245.4545,250.1015,,
2012-12-16,245.3680,"jaen,bari,chania",240.4000,298.0000,204.0000,94.9602,258.3903,250.1015,,
2012-12-23,254.5016,"jaen,bari,chania",253.6800,298.0000,209.0000,94.9602,268.0086,252.6051,,
2012-12-30,263.2870,"jaen,bari,chania",267.8500,298.0000,209.0000,94.9602,277.2603,263.1994,,
2013-01-06,256.0927,"jaen,chania",265.4100,,224.0000,93.9734,272.5163,270.2625,,
2013-01-13,286.3936,"jaen,bari,chania",292.2800,309.0000,241.0000,93.9734,304.7604,274.8883,,
2013-01-20,292.2896,"jaen,bari,chania",298.0800,316.0000,246.0000,93.9734,311.0345,291.0103,,
2013-01-27,292.0188,"jaen,bari,chania",299.2400,316.0000,240.5000,93.9734,310.7464,307.7534,,
2013-02-03,291.5416,"jaen,bari,chania",297.6800,318.0000,241.0000,94.3183,309.1040,309.9252,,
2013-02-10,290.9866,"jaen,bari,chania",297.4300,316.0000,241.0000,94.3183,308.5156,309.9252,,
2013-02-17,288.0670,"jaen,bari,chania",293.8500,317.0000,236.0000,94.3183,305.4201,308.8098,,
2013-02-24,291.9802,"jaen,bari,chania",298.7100,317.0000,241.0000,94.3183,309.5690,308.8098,,
2013-03-03,295.3200,"jaen,bari,chania",302.0000,319.0000,246.0000,95.4297,309.4633,308.9894,,
2013-03-10,287.7018,"jaen,bari,chania",289.3900,320.0000,246.0000,95.4297,301.4803,307.4417,,
2013-03-17,293.1144,"jaen,bari,chania",298.1200,320.0000,246.0000,95.4297,307.1521,308.3077,,
2013-03-24,292.4944,"jaen,bari,chania",297.1200,320.0000,246.0000,95.4297,306.5024,306.8273,,
2013-03-31,292.6944,"jaen,bari,chania",297.1200,321.0000,246.0000,95.4297,306.7120,306.6072,,
2013-04-07,291.6280,"jaen,bari,chania",295.4000,321.0000,246.0000,95.3435,305.8709,306.6072,,
2013-04-14,288.3668,"jaen,bari,chania",290.1400,321.0000,246.0000,95.3435,302.4504,306.1867,,
2013-04-21,283.8750,"jaen,bari,chania",282.2500,323.0000,246.0000,95.3435,297.7393,304.1607,,
2013-04-28,284.6808,"jaen,bari,chania",284.3400,321.0000,245.5000,95.3435,298.5844,300.5174,,
2013-05-05,285.4296,"jaen,bari,chania",285.0800,322.0000,246.0000,95.4489,299.0392,298.8118,,
2013-05-12,283.4828,"jaen,bari,chania",281.9400,322.0000,246.0000,95.4489,296.9996,298.1618,,
2013-05-19,274.7400,"jaen,bari,chania",273.0000,315.0000,236.0000,95.4489,287.8399,297.7920,,
2013-05-26,275.1740,"jaen,bari,chania",273.7000,315.0000,236.0000,95.4489,288.2946,292.6471,,
2013-06-02,275.0454,"jaen,bari,chania",273.1700,316.0000,236.0000,95.5543,287.8421,288.0683,,
2013-06-09,274.3772,"jaen,bari,chania",273.0600,313.0000,236.0000,95.5543,287.1428,287.8410,,
2013-06-16,274.3400,"jaen,bari,chania",273.0000,313.0000,236.0000,95.5543,287.1038,287.4924,,
2013-06-23,277.2240,"jaen,bari,chania",276.2000,313.0000,241.0000,95.5543,290.1220,287.4924,,
2013-06-30,278.4060,"jaen,bari,chania",277.3000,311.0000,246.0000,95.5543,291.3590,288.6324,,
2013-07-07,275.9880,"jaen,bari,chania",273.4000,311.0000,246.0000,95.0465,290.3716,290.2468,1.4543,14.0000
2013-07-14,273.9080,"jaen,bari,chania",269.4000,313.0000,246.0000,95.0465,288.1832,290.2468,1.4399,14.0000
2013-07-21,271.8960,"jaen,bari,chania",266.8000,311.0000,246.0000,95.0465,286.0664,289.2774,1.3959,15.0000
2013-07-28,275.5400,"jaen,bari,chania",272.5000,312.0000,245.5000,95.0465,289.9003,289.0418,1.3758,16.0000
2013-08-04,272.7500,"jaen,bari,chania",268.0000,312.0000,245.5000,95.1614,286.6182,287.4007,1.3126,17.0000
2013-08-11,269.8360,"jaen,bari,chania",263.3000,312.0000,245.5000,95.1614,283.5560,286.3423,1.2689,18.0000
2013-08-18,271.3976,"jaen,bari",258.3000,312.0000,,95.1614,285.1970,285.9076,1.2453,19.0000
2013-08-25,258.2450,"jaen,chania",261.8000,,246.0000,95.1614,271.3757,284.3765,1.1883,20.0000
2013-09-01,254.2925,"jaen,chania",256.7000,,246.0000,95.6213,265.9370,277.4658,0.9661,26.0000
2013-09-08,266.1560,"jaen,bari,chania",259.8000,304.0000,246.0000,95.6213,278.3437,274.8597,0.8797,28.0000
2013-09-15,268.1780,"jaen,bari,chania",261.9000,304.0000,250.0000,95.6213,280.4583,274.8597,0.8750,28.0000
2013-09-22,266.7240,"jaen,bari,chania",259.7000,304.0000,249.5000,95.6213,278.9377,278.6407,0.9877,25.0000
2013-09-29,261.9700,"jaen,bari,chania",253.5000,299.0000,250.0000,95.6213,273.9660,278.6407,0.9819,25.0000
2013-10-06,256.0000,"jaen,bari,chania",246.0000,296.0000,246.0000,95.5064,268.0449,276.4519,0.9083,27.0000
2013-10-13,245.0600,"jaen,bari,chania",234.0000,283.0000,241.0000,95.5064,256.5902,271.0055,0.7340,32.0000
2013-10-20,241.5800,"jaen,bari,chania",230.0000,278.0000,241.0000,95.5064,252.9465,262.3176,0.4592,39.0000
2013-10-27,249.6000,"jaen,bari,chania",236.0000,304.0000,236.0000,95.5064,261.3438,258.9670,0.3524,41.0000
2013-11-03,241.2880,"jaen,bari,chania",228.4000,286.0000,236.0000,95.4297,252.8437,254.7683,0.2191,45.0000
2013-11-10,241.0160,"jaen,bari,chania",232.8000,271.0000,236.0000,95.4297,252.5586,252.8951,0.1593,46.0000
2013-11-17,237.8320,"jaen,bari,chania",229.6000,265.0000,236.0000,95.4297,249.2221,252.7011,0.1527,46.0000
2013-11-24,241.6900,"jaen,bari,chania",235.5000,266.0000,236.0000,95.4297,253.2649,252.7011,0.1522,46.0000
2013-12-01,238.8560,"jaen,bari,chania",229.8000,265.0000,241.0000,95.7651,249.4187,250.9887,0.0972,48.0000
2013-12-08,236.3140,"jaen,bari,chania",225.7000,265.0000,241.0000,95.7651,246.7643,249.3204,0.0436,49.0000
2013-12-15,231.5400,"jaen,bari,chania",218.0000,265.0000,241.0000,95.7651,241.7792,248.0915,0.0041,50.0000
2013-12-22,220.9700,"jaen,bari,chania",199.5000,265.0000,246.0000,95.7651,230.7418,244.2717,-0.1186,53.0000
2013-12-29,221.7140,"jaen,bari,chania",200.7000,265.0000,246.0000,95.7651,231.5187,236.6489,-0.3638,59.0000
2014-01-05,211.2800,"jaen,chania",201.2000,,246.0000,94.6920,223.1235,231.1302,-0.5406,64.0000
2014-01-12,223.2200,"jaen,bari,chania",197.0000,284.0000,246.0000,94.6920,235.7328,231.1302,-0.5387,63.0000
2014-01-19,228.3400,"jaen,bari,chania",203.0000,291.0000,246.0000,94.6920,241.1398,233.6257,-0.4561,61.0000
2014-01-26,231.0000,"jaen,bari,chania",206.0000,295.0000,246.0000,94.6920,243.9489,238.4363,-0.2984,57.0000
2014-02-02,230.6100,"jaen,bari,chania",204.5000,295.0000,249.0000,94.9890,242.7755,241.9577,-0.1829,55.0000
2014-02-09,233.6640,"jaen,bari,chania",206.2000,305.0000,249.0000,94.9890,245.9906,243.3622,-0.1365,53.0000
2014-02-16,234.8080,"jaen,bari,chania",207.4000,307.0000,249.0000,94.9890,247.1950,244.9698,-0.0835,52.0000
2014-02-23,232.7700,"jaen,bari,chania",202.5000,312.0000,249.0000,94.9890,245.0495,245.5201,-0.0652,52.0000
2014-03-02,231.8400,"jaen,bari,chania",201.0000,312.0000,249.0000,95.8800,241.8021,245.5201,-0.0650,52.0000
2014-03-09,232.6000,"jaen,bari,chania",201.0000,314.0000,251.0000,95.8800,242.5948,243.8221,-0.1209,53.0000
2014-03-16,232.7500,"jaen,bari,chania",198.5000,318.0000,256.0000,95.8800,242.7512,242.6730,-0.1586,54.0000
2014-03-23,235.8380,"jaen,bari,chania",200.9000,326.0000,256.0000,95.8800,245.9719,242.6730,-0.1582,54.0000
2014-03-30,235.4180,"jaen,bari,chania",199.9000,327.0000,256.0000,95.8800,245.5339,244.1426,-0.1089,53.0000
2014-04-06,239.2600,"jaen,bari,chania",203.5000,331.0000,260.5000,96.0238,249.1675,245.7529,-0.0549,51.0000
2014-04-13,239.7020,"jaen,bari,chania",203.1000,334.0000,261.0000,96.0238,249.6278,247.5697,0.0060,50.0000
2014-04-20,239.6020,"jaen,bari,chania",203.1000,338.0000,256.0000,96.0238,249.5237,249.3456,0.0656,48.0000
2014-04-27,239.3820,"jaen,bari,chania",202.1000,340.0000,256.0000,96.0238,249.2945,249.4091,0.0675,48.0000
2014-05-04,240.3820,"jaen,bari,chania",202.1000,345.0000,256.0000,95.9184,250.6110,249.5757,0.0730,48.0000
2014-05-11,236.7540,"jaen,bari,chania",197.7000,345.0000,251.0000,95.9184,246.8286,249.4091,0.0672,48.0000
2014-05-18,237.5340,"jaen,bari,chania",196.7000,352.0000,251.0000,95.9184,247.6418,248.4682,0.0351,49.0000
2014-05-25,238.2100,"jaen,bari,chania",196.0000,358.0000,250.5000,95.9184,248.3466,247.9942,0.0189,50.0000
2014-06-01,239.1600,"jaen,bari,chania",197.0000,361.0000,249.0000,96.0238,249.0634,247.9942,0.0189,50.0000
2014-06-08,241.2000,"jaen,bari,chania",199.0000,365.0000,249.0000,96.0238,251.1878,248.7050,0.0431,49.0000
2014-06-15,246.5600,"jaen,bari,chania",207.0000,367.0000,249.0000,96.0238,256.7698,250.1256,0.0916,48.0000
2014-06-22,251.2860,"jaen,bari,chania",214.3000,368.0000,249.0000,96.0238,261.6915,253.9788,0.2235,44.0000
2014-06-29,251.8020,"jaen,bari,chania",216.1000,365.0000,249.0000,96.0238,262.2288,259.2306,0.4034,40.0000
2014-07-06,256.5980,"jaen,bari,chania",223.9000,363.0000,251.0000,95.4010,268.9679,261.9602,0.4962,38.0000
2014-07-13,262.7360,"jaen,bari,chania",233.8000,363.0000,251.0000,95.4010,275.4018,265.5984,0.6200,35.0000
2014-07-20,266.9988,"jaen,bari,chania",238.7400,369.0000,251.0000,95.4010,279.8701,272.1848,0.8447,29.0000
2014-07-27,269.4358,"jaen,bari,chania",240.0900,377.0000,251.0000,95.4010,282.4246,277.6359,1.0287,24.0000
2014-08-03,279.2542,"jaen,bari,chania",251.4100,391.0000,251.0000,95.5064,292.3933,281.1473,1.1441,21.0000
2014-08-10,284.9396,"jaen,bari,chania",260.5800,391.0000,251.0000,95.5064,298.3462,287.4089,1.3519,16.0000
2014-08-17,286.5020,"jaen,bari,chania",263.1000,391.0000,251.0000,95.5064,299.9821,295.3697,1.6133,10.0000
2014-08-24,262.6250,"jaen,chania",266.0000,,251.0000,95.5064,274.9817,295.3697,1.5999,10.0000
2014-08-31,292.6240,"jaen,bari,chania",266.2000,403.0000,261.0000,95.5064,306.3921,299.1641,1.7142,7.0000
2014-09-07,294.3400,"jaen,bari,chania",268.0000,406.0000,261.0000,95.9279,306.8345,303.1871,1.8329,4.0000
2014-09-14,299.4700,"jaen,bari,chania",274.0000,409.0000,265.5000,95.9279,312.1822,306.6133,1.9280,2.0000
2014-09-21,299.4920,"jaen,bari,chania",272.6000,413.0000,266.0000,95.9279,312.2052,309.5083,2.0023,0.0000
2014-09-28,294.3840,"jaen,bari,chania",266.2000,410.0000,263.0000,95.9279,306.8803,309.5313,1.9805,0.0000
2014-10-05,291.5300,"jaen,bari,chania",264.0000,403.0000,262.5000,95.8705,304.0874,309.5313,1.9587,1.0000
2014-10-12,289.4090,"jaen,bari,chania",262.4500,399.0000,260.5000,95.8705,301.8750,305.4839,1.8072,5.0000
2014-10-19,292.2220,"jaen,bari,chania",264.1000,403.0000,266.0000,95.8705,304.8092,304.4483,1.7567,6.0000
2014-10-26,294.4000,"jaen,bari,chania",266.0000,408.0000,266.0000,95.8705,307.0810,304.4483,1.7408,6.0000
2014-11-02,297.1400,"jaen,bari,chania",263.0000,431.0000,266.0000,95.6980,310.4976,305.9451,1.7730,6.0000
2014-11-09,323.0540,"jaen,bari,chania",277.7000,515.0000,266.0000,95.6980,337.5766,308.7893,1.8469,4.0000
2014-11-16,342.9900,"jaen,bari,chania",280.5000,579.0000,296.0000,95.6980,358.4088,324.0371,2.3059,0.0000
2014-11-23,349.8100,"jaen,bari,chania",291.5000,579.0000,296.0000,95.6980,365.5353,347.9927,3.0026,0.0000
2014-11-30,352.1260,"jaen,bari,chania",293.3000,585.0000,296.0000,95.6980,367.9555,361.9720,3.3478,0.0000
2014-12-07,345.7260,"jaen,bari,chania",293.3000,553.0000,296.0000,95.6022,361.6298,363.5826,3.3075,0.0000
2014-12-14,353.9364,"jaen,bari,chania",306.2200,554.0000,296.0000,95.6022,370.2179,366.7454,3.3126,0.0000
2014-12-21,352.1720,"jaen,bari,chania",311.6000,533.0000,291.0000,95.6022,368.3723,368.1639,3.2684,0.0000
2014-12-28,352.1720,"jaen,bari,chania",311.6000,533.0000,291.0000,95.6022,368.3723,368.3723,3.1944,0.0000
2015-01-04,362.3520,"jaen,bari,chania",320.1000,558.0000,290.5000,94.1267,384.9621,369.2951,3.1442,0.0000
2015-01-11,366.5552,"jaen,bari,chania",314.9600,590.0000,296.0000,94.1267,389.4276,376.6672,3.2631,0.0000
2015-01-18,373.5812,"jaen,bari,chania",322.2600,598.0000,301.0000,94.1267,396.8920,387.1949,3.4485,0.0000
2015-01-25,375.7110,"jaen,bari,chania",325.0500,600.0000,301.0000,94.1267,399.1547,393.1598,3.5028,0.0000
2015-02-01,378.0532,"jaen,bari,chania",327.8600,603.0000,301.0000,94.7111,399.1645,398.0233,3.5237,0.0000
2015-02-08,373.2720,"jaen,bari,chania",321.6000,603.0000,296.0000,94.7111,394.1163,398.0233,3.4281,0.0000
2015-02-15,378.1204,"jaen,bari,chania",329.4200,603.0000,296.0000,94.7111,399.2355,399.1596,3.3656,0.0000
2015-02-22,374.1524,"jaen,bari,chania",323.0200,603.0000,296.0000,94.7111,395.0459,397.1052,3.2363,0.0000
2015-03-01,373.2902,"jaen,bari,chania",322.2100,603.0000,294.0000,95.8130,389.6030,394.5811,3.1061,0.0000
2015-03-08,372.0192,"jaen,bari,chania",320.1600,603.0000,294.0000,95.8130,388.2764,392.3244,2.9908,0.0000
2015-03-15,375.9996,"jaen,bari,chania",326.5800,603.0000,294.0000,95.8130,392.4308,391.0169,2.9032,0.0000
2015-03-22,374.6914,"jaen,bari,chania",324.4700,603.0000,294.0000,95.8130,391.0654,390.3342,2.8340,0.0000
2015-03-29,375.8476,"jaen,bari,chania",326.9800,601.0000,294.0000,95.8130,392.2721,391.6688,2.8109,0.0000
2015-04-05,376.5048,"jaen,bari,chania",328.0400,601.0000,294.0000,96.2250,391.2756,391.7739,2.7634,0.0000
2015-04-12,374.8554,"jaen,bari,chania",326.6700,597.0000,294.0000,96.2250,389.5615,391.1705,2.7039,0.0000
2015-04-19,375.3900,"jaen,bari,chania",328.5000,594.0000,294.0000,96.2250,390.1170,390.6963,2.6500,0.0000
2015-04-26,380.5546,"jaen,bari,chania",336.8300,594.0000,294.0000,96.2250,395.4843,390.6963,2.6082,0.0000
2015-05-03,383.8974,"jaen,bari,chania",340.7700,594.0000,299.0000,96.4932,397.8490,392.8006,2.6098,0.0000
2015-05-10,391.5542,"jaen,bari,chania",354.4100,590.0000,299.0000,96.4932,405.7841,396.6666,2.6453,0.0000
2015-05-17,393.8062,"jaen,bari,chania",356.0100,590.0000,306.0000,96.4932,408.1179,401.8165,2.7031,0.0000
2015-05-24,391.4644,"jaen,bari,chania",353.6200,583.0000,309.0000,96.4932,405.6910,405.7375,2.7340,0.0000
2015-05-31,389.9330,"jaen,bari,chania",351.1500,583.0000,309.0000,96.4932,404.1039,405.7375,2.6893,0.0000
2015-06-07,388.8294,"jaen,bari,chania",349.3700,583.0000,309.0000,96.5028,402.9202,404.8975,2.6313,0.0000
2015-06-14,393.0608,"jaen,bari,chania",356.8400,581.0000,309.0000,96.5028,407.3050,404.8975,2.5914,0.0000
2015-06-21,390.9504,"jaen,bari,chania",358.9200,564.0000,309.0000,96.5028,405.1181,404.6110,2.5480,0.0000
2015-06-28,384.0118,"jaen,bari,chania",352.8900,548.0000,309.0000,96.5028,397.9280,404.0192,2.5011,0.0000
2015-07-05,385.6266,"jaen,bari,chania",357.4300,542.0000,309.0000,95.9184,402.0362,403.5772,2.4588,0.0000
2015-07-12,385.5148,"jaen,bari,chania",358.5400,538.0000,309.0000,95.9184,401.9197,401.9780,2.3924,0.0000
2015-07-19,393.7484,"jaen,bari,chania",371.8200,538.0000,309.0000,95.9184,410.5037,401.9780,2.3567,0.0000
2015-07-26,402.2574,"jaen,bari,chania",384.7700,535.0000,315.0000,95.9184,419.3747,406.2699,2.3964,0.0000
2015-08-02,408.9046,"jaen,bari,chania",394.3300,535.0000,319.0000,95.9279,426.2622,414.9392,2.5086,0.0000
2015-08-09,411.0002,"jaen,bari,chania",397.7100,535.0000,319.0000,95.9279,428.4468,422.8185,2.6016,0.0000
2015-08-16,398.3677,"jaen,chania",421.4100,,319.0000,95.9279,415.2781,422.8185,2.5590,0.0000
2015-08-23,405.1940,"jaen,chania",422.9600,,344.0000,95.9279,422.3941,424.3282,2.5430,0.0000
2015-08-30,434.3480,"jaen,bari,chania",419.4000,553.0000,354.0000,95.9279,452.7857,425.4204,2.5206,0.0000
2015-09-06,434.2856,"jaen,bari,chania",421.8800,545.0000,354.0000,96.1196,451.8181,437.1061,2.6689,0.0000
2015-09-13,432.4394,"jaen,bari,chania",419.8700,542.0000,354.0000,96.1196,449.8973,450.8577,2.8401,0.0000
2015-09-20,426.3116,"jaen,bari,chania",414.1800,538.0000,344.0000,96.1196,443.5221,450.8577,2.7862,0.0000
2015-09-27,415.5136,"jaen,bari,chania",401.2800,533.0000,334.0000,96.1196,432.2882,446.7097,2.6711,0.0000
2015-10-04,395.1844,"jaen,bari,chania",379.6200,503.0000,329.0000,96.2441,410.6062,437.9052,2.4910,0.0000
2015-10-11,391.6506,"jaen,bari,chania",382.6300,476.0000,329.0000,96.2441,406.9345,421.4472,2.2028,0.0000
2015-10-18,385.8868,"jaen,bari,chania",379.1400,458.0000,329.0000,96.2441,400.9458,408.7704,1.9820,0.0000
2015-10-25,381.6202,"jaen,bari,chania",378.7100,438.0000,329.0000,96.2441,396.5127,403.9402,1.8861,3.0000
2015-11-01,386.2754,"jaen,bari,chania",372.6700,480.0000,329.0000,95.8226,403.1153,402.0306,1.8365,4.0000
2015-11-08,366.1300,"jaen,bari,chania",370.5000,395.0000,319.0000,95.8226,382.0917,398.7292,1.7675,6.0000
2015-11-15,337.2350,"jaen,bari,chania",343.2500,353.0000,299.0000,95.8226,351.9370,389.3022,1.6088,10.0000
2015-11-22,316.0134,"jaen,bari,chania",312.5700,342.0000,299.0000,95.8226,329.7902,367.0143,1.2615,18.0000
2015-11-29,310.1534,"jaen,bari,chania",307.5700,339.0000,287.0000,95.8226,323.6747,340.8636,0.8606,28.0000
2015-12-06,306.0490,"jaen,bari,chania",300.9500,339.0000,287.0000,95.8417,319.3275,326.7325,0.6425,34.0000
2015-12-13,307.2894,"jaen,bari,chania",300.3700,347.0000,287.0000,95.8417,320.6218,322.1482,0.5688,36.0000
2015-12-20,307.4484,"jaen,bari,chania",304.8200,334.0000,287.0000,95.8417,320.7877,320.7047,0.5425,36.0000
2015-12-27,310.4484,"jaen,bari,chania",304.8200,349.0000,287.0000,95.8417,323.9178,320.7047,0.5381,37.0000
2016-01-03,324.2000,"jaen,bari,chania",327.0000,349.0000,287.0000,94.4333,343.3112,322.3527,0.5584,36.0000
2016-01-10,328.2200,"jaen,bari,chania",327.0000,361.0000,296.0000,94.4333,347.5682,333.6145,0.7229,32.0000
2016-01-17,324.5164,"jaen,bari,chania",325.2200,348.0000,296.0000,94.4333,343.6463,343.4787,0.8654,28.0000
2016-01-24,327.9730,"jaen,bari,chania",330.1500,350.0000,296.0000,94.4333,347.3066,345.4765,0.8890,28.0000
2016-01-31,327.4784,"jaen,bari,chania",330.3200,347.0000,296.0000,94.4333,346.7829,347.0448,0.9059,27.0000
2016-02-07,333.0974,"jaen,bari,chania",332.7700,363.0000,301.0000,94.5961,352.1258,347.0448,0.8993,28.0000
2016-02-14,334.1896,"jaen,bari,chania",333.0800,363.0000,306.0000,94.5961,353.2803,349.7162,0.9326,27.0000
2016-02-21,329.1676,"jaen,bari,chania",324.9800,363.0000,306.0000,94.5961,347.9715,350.0486,0.9307,27.0000
2016-02-28,327.8398,"jaen,bari,chania",324.2900,363.0000,301.0000,94.5961,346.5678,350.0486,0.9238,27.0000
2016-03-06,325.8160,"jaen,bari,chania",322.8000,362.0000,296.0000,95.7746,340.1902,347.2696,0.8756,28.0000
2016-03-13,324.2200,"jaen,bari,chania",321.5000,354.0000,300.5000,95.7746,338.5238,343.3790,0.8112,30.0000
2016-03-20,323.1556,"jaen,bari,chania",321.3800,354.0000,295.0000,95.7746,337.4125,339.3570,0.7452,31.0000
2016-03-27,322.3992,"jaen,bari,chania",320.1600,354.0000,295.0000,95.7746,336.6227,337.9681,0.7190,32.0000
2016-04-03,322.7138,"jaen,bari,chania",320.9900,353.0000,295.0000,95.9759,336.2448,337.0176,0.6994,33.0000
2016-04-10,321.0522,"jaen,bari,chania",318.3100,353.0000,295.0000,95.9759,334.5135,336.4337,0.6854,33.0000
2016-04-17,319.3922,"jaen,bari,chania",315.3100,354.0000,295.0000,95.9759,332.7839,335.3791,0.6647,33.0000
2016-04-24,318.3212,"jaen,bari,chania",313.2600,355.0000,295.0000,95.9759,331.6680,333.6487,0.6342,34.0000
2016-05-01,320.0510,"jaen,bari,chania",316.0500,355.0000,295.0000,96.3783,332.0780,332.4309,0.6116,35.0000
2016-05-08,313.3256,"jaen,bari,chania",304.8800,356.0000,295.0000,96.3783,325.0998,331.8730,0.5989,35.0000
2016-05-15,312.2902,"jaen,bari,chania",303.2100,356.0000,295.0000,96.3783,324.0255,328.3839,0.5426,36.0000
2016-05-22,309.0770,"jaen,bari,chania",298.3500,355.0000,295.0000,96.3783,320.6916,324.5627,0.4817,38.0000
2016-05-29,305.1018,"jaen,bari,chania",293.3900,355.0000,290.0000,96.3783,316.5670,322.3586,0.4451,39.0000
2016-06-05,305.4040,"jaen,bari,chania",294.2000,354.0000,290.0000,96.5507,316.3145,318.6293,0.3858,40.0000
2016-06-12,307.8902,"jaen,bari,chania",298.2100,354.0000,290.0000,96.5507,318.8896,317.7283,0.3689,41.0000
2016-06-19,308.7582,"jaen,bari,chania",299.6100,354.0000,290.0000,96.5507,319.7886,317.7283,0.3654,41.0000
2016-06-26,309.3844,"jaen,bari,chania",300.6200,354.0000,290.0000,96.5507,320.4371,319.3391,0.3860,40.0000
2016-07-03,311.7900,"jaen,bari,chania",304.5000,354.0000,290.0000,96.0812,324.5066,320.1128,0.3940,40.0000
2016-07-10,313.5580,"jaen,bari,chania",305.9000,354.0000,295.0000,96.0812,326.3467,322.4719,0.4256,39.0000
2016-07-17,316.8130,"jaen,bari,chania",311.1500,354.0000,295.0000,96.0812,329.7345,325.4267,0.4659,38.0000
2016-07-24,316.5454,"jaen,bari,chania",312.1700,354.0000,290.0000,96.0812,329.4560,327.9013,0.4988,38.0000
2016-07-31,316.0200,"jaen,bari,chania",311.0000,355.0000,290.0000,96.0812,328.9091,329.1825,0.5137,37.0000
2016-08-07,316.0200,"jaen,bari,chania",311.0000,355.0000,290.0000,96.1387,328.7125,329.1825,0.5093,37.0000
2016-08-14,316.0200,"jaen,bari,chania",311.0000,355.0000,290.0000,96.1387,328.7125,328.8108,0.4994,38.0000
2016-08-21,307.4000,"jaen,chania",311.0000,,295.0000,96.1387,319.7462,328.7125,0.4935,38.0000
2016-08-28,321.0794,"jaen,bari,chania",312.8700,370.0000,295.0000,96.1387,333.9751,328.7125,0.4891,38.0000
2016-09-04,323.7766,"jaen,bari,chania",315.9300,374.0000,295.0000,96.5028,335.5100,331.3438,0.5239,37.0000
2016-09-11,326.5684,"jaen,bari,chania",318.8200,379.0000,295.0000,96.5028,338.4029,334.7425,0.5701,36.0000
2016-09-18,327.5888,"jaen,bari,chania",317.2400,389.0000,295.0000,96.5028,339.4603,336.9565,0.5983,35.0000
2016-09-25,328.1578,"jaen,bari,chania",317.1900,392.0000,295.0000,96.5028,340.0499,338.9316,0.6227,34.0000
2016-10-02,328.4306,"jaen,bari,chania",317.6300,392.0000,295.0000,96.7328,339.5236,339.4920,0.6257,34.0000
2016-10-09,333.0974,"jaen,bari,chania",316.7700,418.0000,295.0000,96.7328,344.3480,339.7868,0.6246,34.0000
2016-10-16,337.3238,"jaen,bari,chania",316.4900,440.0000,295.0000,96.7328,348.7172,342.1990,0.6554,34.0000
2016-10-23,342.3598,"jaen,bari,chania",314.2900,472.0000,295.0000,96.7328,353.9233,346.5326,0.7150,32.0000
2016-10-30,341.5662,"jaen,bari,chania",313.0100,472.0000,295.0000,96.7328,353.1029,350.9100,0.7750,31.0000
2016-11-06,363.4100,"jaen,bari,chania",316.5000,565.0000,301.0000,96.3879,377.0288,353.5131,0.8080,30.0000
2016-11-13,371.3498,"jaen,bari,chania",324.7900,570.0000,311.0000,96.3879,385.2662,365.4761,0.9821,25.0000
2016-11-20,374.8896,"jaen,bari,chania",327.5800,575.0000,315.5000,96.3879,388.9386,381.1475,1.2109,20.0000
2016-11-27,386.1828,"jaen,bari,chania",336.9400,575.0000,346.0000,96.3879,400.6551,387.1024,1.2913,18.0000
2016-12-04,384.3238,"jaen,bari,chania",337.4900,564.0000,346.0000,96.8957,396.6368,392.7877,1.3668,16.0000
2016-12-11,386.0970,"jaen,bari,chania",340.3500,564.0000,346.0000,96.8957,398.4668,397.5518,1.4276,14.0000
2016-12-18,388.8900,"jaen,bari,chania",345.0000,564.0000,345.5000,96.8957,401.3492,399.5609,1.4465,14.0000
2016-12-25,387.8950,"jaen,bari,chania",343.2500,564.0000,346.0000,96.8957,400.3224,399.3946,1.4328,14.0000
2017-01-01,387.8950,"jaen,bari,chania",343.2500,564.0000,346.0000,96.0621,403.7961,400.8358,1.4436,14.0000
2017-01-08,391.2804,"jaen,bari,chania",347.4200,568.0000,346.0000,96.0621,407.3203,402.5727,1.4588,14.0000
2017-01-15,394.1372,"jaen,bari,chania",351.0600,571.0000,346.0000,96.0621,410.2942,405.5582,1.4926,13.0000
2017-01-22,401.3330,"jaen,bari,chania",358.1500,585.0000,346.0000,96.0621,417.7850,408.8073,1.5302,12.0000
2017-01-29,405.6282,"jaen,bari,chania",363.6100,590.0000,345.5000,96.0621,422.2563,414.0396,1.5971,10.0000
2017-02-05,409.8972,"jaen,bari,chania",369.0600,594.0000,346.0000,96.4453,425.0047,420.0206,1.6742,8.0000
2017-02-12,409.4880,"jaen,bari,chania",368.4000,594.0000,346.0000,96.4453,424.5804,423.4183,1.7117,7.0000
2017-02-19,419.8284,"jaen,bari,chania",382.8200,601.0000,346.0000,96.4453,435.3019,424.7925,1.7185,7.0000
2017-02-26,422.2374,"jaen,bari,chania",384.7700,607.0000,346.0000,96.4453,437.7997,430.1533,1.7847,5.0000
2017-03-05,423.0856,"jaen,bari,chania",383.8800,614.0000,346.0000,97.2406,435.0916,435.1967,1.8450,4.0000
2017-03-12,423.4906,"jaen,bari,chania",381.6300,614.0000,356.0000,97.2406,435.5081,435.4050,1.8324,4.0000
2017-03-19,426.1876,"jaen,bari,chania",385.9800,614.0000,356.0000,97.2406,438.2816,436.6539,1.8357,4.0000
2017-03-26,425.1832,"jaen,bari,chania",384.3600,614.0000,356.0000,97.2406,437.2487,436.3784,1.8164,5.0000
2017-04-02,424.6314,"jaen,bari,chania",383.4700,614.0000,356.0000,97.7963,434.1999,436.3784,1.8019,5.0000
2017-04-09,424.4392,"jaen,bari,chania",383.1600,614.0000,356.0000,97.7963,434.0033,435.7243,1.7780,6.0000
2017-04-16,425.7474,"jaen,bari,chania",385.2700,614.0000,356.0000,97.7963,435.3410,434.7704,1.7501,6.0000
2017-04-23,432.4282,"jaen,bari,chania",394.1100,611.0000,366.0000,97.7963,442.1723,434.7704,1.7368,7.0000
2017-04-30,432.4400,"jaen,bari,chania",398.0000,599.0000,366.0000,97.7963,442.1844,438.7567,1.7828,5.0000
2017-05-07,433.0986,"jaen,bari,chania",400.0300,596.0000,366.0000,97.7101,443.2487,442.1784,1.8197,5.0000
2017-05-14,437.0376,"jaen,bari,chania",403.4800,596.0000,376.0000,97.7101,447.2800,442.7165,1.8135,5.0000
2017-05-21,434.3604,"jaen,bari,chania",400.9200,591.0000,375.5000,97.7101,444.5401,443.8944,1.8170,5.0000
2017-05-28,432.7578,"jaen,bari,chania",398.1900,591.0000,376.0000,97.7101,442.8999,443.8944,1.8032,5.0000
2017-06-04,431.4340,"jaen,bari,chania",396.7000,589.0000,376.0000,97.8059,441.1125,443.7200,1.7872,5.0000
2017-06-11,431.2790,"jaen,bari,chania",396.4500,589.0000,376.0000,97.8059,440.9540,442.0062,1.7487,6.0000
2017-06-18,430.7520,"jaen,bari,chania",395.6000,589.0000,376.0000,97.8059,440.4152,441.0333,1.7220,7.0000
2017-06-25,428.9818,"jaen,bari,chania",393.3900,587.0000,376.0000,97.8059,438.6053,440.6846,1.7049,7.0000
2017-07-02,427.8162,"jaen,bari,chania",391.5100,587.0000,376.0000,97.3651,439.3936,439.9044,1.6817,8.0000
2017-07-09,425.2940,"jaen,bari,chania",389.2000,582.0000,375.5000,97.3651,436.8031,438.9995,1.6570,9.0000
2017-07-16,417.5998,"jaen,bari,chania",386.2900,562.0000,365.0000,97.3651,428.9007,437.7042,1.6269,9.0000
2017-07-23,410.1516,"jaen,bari,chania",377.1800,553.0000,365.0000,97.3651,421.2510,432.8519,1.5436,11.0000
2017-07-30,410.5000,"jaen,bari,chania",380.0000,546.0000,365.0000,97.3651,421.6088,425.2548,1.4193,15.0000
2017-08-06,412.3166,"jaen,bari,chania",382.9300,546.0000,365.0000,97.6238,422.3524,421.9806,1.3607,16.0000
2017-08-13,412.3166,"jaen,bari,chania",382.9300,546.0000,365.0000,97.6238,422.3524,421.9806,1.3517,16.0000
2017-08-20,380.1377,"jaen,chania",382.2100,,373.0000,97.6238,389.3903,421.9806,1.3428,16.0000
2017-08-27,380.5342,"jaen,chania",381.2700,,378.0000,97.6238,389.7964,406.0744,1.0917,23.0000
2017-09-03,414.0988,"jaen,bari,chania",380.7400,550.0000,378.0000,98.0071,422.5192,406.0744,1.0842,23.0000
2017-09-10,411.0372,"jaen,bari,chania",378.0600,543.0000,378.0000,98.0071,419.3954,404.5959,1.0538,24.0000
2017-09-17,409.0578,"jaen,bari,chania",375.1900,542.0000,378.0000,98.0071,417.3757,418.3855,1.2569,19.0000
2017-09-24,408.1932,"jaen,bari,chania",371.8600,548.0000,378.0000,98.0071,416.4935,418.3855,1.2470,19.0000
2017-10-01,407.8170,"jaen,bari,chania",368.3500,548.0000,388.0000,98.0550,415.9064,416.9346,1.2150,20.0000
2017-10-08,408.3622,"jaen,bari,chania",371.3100,542.0000,387.5000,98.0550,416.4624,416.4780,1.1985,20.0000
2017-10-15,409.8906,"jaen,bari,chania",373.6300,542.0000,388.0000,98.0550,418.0211,416.4780,1.1891,20.0000
2017-10-22,409.1774,"jaen,bari,chania",373.7700,538.0000,388.0000,98.0550,417.2938,416.8781,1.1860,20.0000
2017-10-29,406.4724,"jaen,bari,chania",371.0200,533.0000,388.0000,98.0550,414.5351,416.8781,1.1769,21.0000
2017-11-05,402.9052,"jaen,bari,chania",369.4600,520.0000,388.0000,97.8634,411.7017,415.9144,1.1532,21.0000
2017-11-12,389.0624,"jaen,bari,chania",365.5200,463.0000,388.0000,97.8634,397.5567,413.1184,1.1018,22.0000
2017-11-19,372.2900,"jaen,bari,chania",357.5000,440.0000,348.0000,97.8634,380.4181,404.6292,0.9637,26.0000
2017-11-26,365.8100,"jaen,bari,chania",358.5000,418.0000,333.0000,97.8634,373.7966,388.9874,0.7164,32.0000
2017-12-03,361.2068,"jaen,bari,chania",359.1400,393.0000,333.0000,98.1987,367.8325,377.1074,0.5272,37.0000
2017-12-10,360.3360,"jaen,bari,chania",355.8000,399.0000,333.0000,98.1987,366.9457,370.8146,0.4240,39.0000
2017-12-17,361.8782,"jaen,bari,chania",358.6100,398.0000,333.0000,98.1987,368.5162,368.1744,0.3774,41.0000
2017-12-24,361.3746,"jaen,bari,chania",356.8300,401.0000,333.0000,98.1987,368.0034,367.9179,0.3681,41.0000
2017-12-31,362.3746,"jaen,bari,chania",356.8300,406.0000,333.0000,98.1987,369.0217,368.2598,0.3684,41.0000
2018-01-07,368.3134,"jaen,bari,chania",361.5700,421.0000,333.0000,97.3077,378.5040,368.7690,0.3715,41.0000
2018-01-14,371.3078,"jaen,bari,chania",362.6900,428.0000,338.0000,97.3077,381.5813,373.7629,0.4455,39.0000
2018-01-21,371.4858,"jaen,bari,chania",364.5900,423.0000,338.0000,97.3077,381.7642,380.0427,0.5401,36.0000
2018-01-28,369.2706,"jaen,bari,chania",362.6300,418.0000,338.0000,97.3077,379.4877,380.5345,0.5436,36.0000
2018-02-04,367.1360,"jaen,bari,chania",360.8000,422.0000,328.0000,97.5184,376.4785,380.5345,0.5393,37.0000
2018-02-11,364.2572,"jaen,bari,chania",359.0600,413.0000,328.0000,97.5184,373.5265,377.9831,0.4951,38.0000
2018-02-18,364.0774,"jaen,bari,chania",358.7700,413.0000,328.0000,97.5184,373.3421,375.0025,0.4442,39.0000
2018-02-25,358.8212,"jaen,bari,chania",351.2600,410.0000,328.0000,97.5184,367.9521,373.4343,0.4158,40.0000
2018-03-04,353.4550,"jaen,bari,chania",343.2500,408.0000,328.0000,98.6011,358.4695,370.6471,0.3682,41.0000
2018-03-11,340.6562,"jaen,bari,chania",325.5100,408.0000,318.0000,98.6011,345.4891,363.2108,0.2478,44.0000
2018-03-18,333.4994,"jaen,bari,chania",316.8700,408.0000,308.0000,98.6011,338.2308,351.9793,0.0679,48.0000
2018-03-25,330.5636,"jaen,bari,chania",312.7800,406.0000,308.0000,98.6011,335.2534,341.8600,-0.0942,52.0000
2018-04-01,323.3448,"jaen,bari,chania",304.0400,406.0000,298.0000,98.9940,326.6308,336.7421,-0.1770,54.0000
2018-04-08,323.0720,"jaen,bari,chania",303.6000,406.0000,298.0000,98.9940,326.3553,330.9421,-0.2704,57.0000
2018-04-15,325.4652,"jaen,bari,chania",307.4600,406.0000,298.0000,98.9940,328.7728,327.7018,-0.3234,58.0000
2018-04-22,323.4998,"jaen,bari,chania",304.2900,406.0000,298.0000,98.9940,326.7874,326.7091,-0.3410,59.0000
2018-04-29,316.8494,"jaen,bari,chania",299.3700,406.0000,278.0000,98.9940,320.0694,326.5713,-0.3452,59.0000
2018-05-06,308.9954,"jaen,bari,chania",287.6700,403.0000,278.0000,99.6167,310.1842,323.4284,-0.3970,60.0000
2018-05-13,301.8510,"jaen,bari,chania",279.0500,403.0000,268.0000,99.6167,303.0123,315.1268,-0.5303,63.0000
2018-05-20,298.5506,"jaen,bari,chania",276.6300,403.0000,258.0000,99.6167,299.6992,306.5982,-0.6671,67.0000
2018-05-27,289.2988,"jaen,bari,chania",260.7400,406.0000,258.0000,99.6167,290.4118,301.3558,-0.7518,69.0000
2018-06-03,289.5530,"jaen,bari,chania",261.1500,406.0000,258.0000,99.7317,290.3319,295.0555,-0.8529,71.0000
2018-06-10,293.0174,"jaen,bari,chania",265.7700,409.0000,258.0000,99.7317,293.8056,292.1087,-0.9003,73.0000
2018-06-17,296.0182,"jaen,bari,chania",270.6100,409.0000,258.0000,99.7317,296.8145,292.1087,-0.9009,73.0000
2018-06-24,299.7648,"jaen,bari,chania",275.0400,414.0000,258.0000,99.7317,300.5712,295.3100,-0.8506,71.0000
2018-07-01,301.3094,"jaen,bari,chania",272.3700,421.0000,268.0000,99.5018,302.8181,298.6928,-0.7976,70.0000
2018-07-08,304.2018,"jaen,bari,chania",276.3900,423.0000,268.0000,99.5018,305.7250,301.6946,-0.7508,69.0000
2018-07-15,308.2322,"jaen,bari,chania",280.3100,431.0000,268.0000,99.5018,309.7756,304.2716,-0.7112,68.0000
2018-07-22,316.8988,"jaen,bari,chania",280.7400,464.0000,278.0000,99.5018,318.4856,307.7503,-0.6574,66.0000
2018-07-29,316.4294,"jaen,bari,chania",278.3700,469.0000,278.0000,99.5018,318.0138,313.8947,-0.5616,64.0000
2018-08-05,316.4294,"jaen,bari,chania",278.3700,469.0000,278.0000,99.6551,317.5246,317.7692,-0.5023,63.0000
2018-08-12,316.2000,"jaen,bari,chania",278.0000,469.0000,278.0000,99.6551,317.2944,317.7692,-0.5050,63.0000
2018-08-19,275.9695,"jaen,chania",275.3800,,278.0000,99.6551,276.9247,317.4095,-0.5136,63.0000
2018-08-26,275.9075,"jaen,chania",275.3000,,278.0000,99.6551,276.8625,297.1096,-0.8421,71.0000
2018-09-02,277.4110,"jaen,chania",277.2400,,278.0000,100.0479,277.2782,277.1014,-1.1644,79.0000
2018-09-09,278.5192,"jaen,chania",278.6700,,278.0000,100.0479,278.3859,277.1014,-1.1648,79.0000
2018-09-16,276.2562,"jaen,chania",275.7500,,278.0000,100.0479,276.1240,277.0703,-1.1650,79.0000
2018-09-23,320.3478,"jaen,bari,chania",274.6900,509.0000,268.0000,100.0479,320.1944,277.8320,-1.1527,79.0000
2018-09-30,319.2608,"jaen,bari,chania",275.8400,509.0000,258.0000,100.0479,319.1079,298.7469,-0.8185,70.0000
2018-10-07,316.7994,"jaen,bari,chania",271.8700,509.0000,258.0000,100.2970,315.8612,317.4846,-0.5208,63.0000
2018-10-14,312.5400,"jaen,bari,chania",265.0000,509.0000,258.0000,100.2970,311.6144,317.4846,-0.5260,63.0000
2018-10-21,310.1700,"jaen,bari,chania",261.5000,508.0000,258.0000,100.2970,309.2515,313.7378,-0.5922,65.0000
2018-10-28,313.7080,"jaen,bari,chania",261.4000,526.0000,258.0000,100.2970,312.7790,312.1967,-0.6233,66.0000
2018-11-04,321.9380,"jaen,bari,chania",257.9000,578.0000,258.0000,99.7413,322.7730,312.1967,-0.6297,66.0000
2018-11-11,328.3900,"jaen,bari,chania",262.5000,578.0000,278.0000,99.7413,329.2417,317.7760,-0.5447,64.0000
2018-11-18,338.3634,"jaen,bari,chania",274.0700,583.0000,288.0000,99.7413,339.2410,326.0074,-0.4157,60.0000
2018-11-25,346.7230,"jaen,bari,chania",284.6500,583.0000,298.0000,99.7413,347.6223,334.2414,-0.2861,57.0000
2018-12-02,350.8212,"jaen,bari,chania",291.2600,583.0000,298.0000,99.6934,351.9001,343.4316,-0.1400,54.0000
2018-12-09,349.2558,"jaen,bari,chania",288.0900,594.0000,288.0000,99.6934,350.3299,348.9761,-0.0540,51.0000
2018-12-16,342.9282,"jaen,bari,chania",281.1100,593.0000,278.0000,99.6934,343.9829,348.9761,-0.0612,52.0000
2018-12-23,340.3198,"jaen,bari,chania",275.2900,598.0000,278.0000,99.6934,341.3664,347.1564,-0.1000,52.0000
2018-12-30,342.3534,"jaen,bari,chania",278.5700,598.0000,278.0000,99.6934,343.4063,343.6946,-0.1679,54.0000
2019-01-06,338.9520,"jaen,bari,chania",272.6000,604.0000,273.0000,98.6586,343.5605,343.4834,-0.1805,55.0000
2019-01-13,336.1880,"jaen,bari,chania",265.4000,608.0000,278.0000,98.6586,340.7589,342.3864,-0.2085,55.0000
2019-01-20,338.1110,"jaen,bari,chania",267.0500,608.0000,283.0000,98.6586,342.7080,343.0572,-0.2055,55.0000
2019-01-27,336.4710,"jaen,bari,chania",265.0500,606.0000,283.0000,98.6586,341.0457,341.8769,-0.2349,56.0000
2019-02-03,337.1710,"jaen,bari,chania",265.0500,605.0000,288.0000,98.9748,340.6635,340.9023,-0.2608,57.0000
2019-02-10,335.7760,"jaen,bari,chania",262.8000,605.0000,288.0000,98.9748,339.2540,340.8546,-0.2703,57.0000
2019-02-17,335.2790,"jaen,bari,chania",263.4500,605.0000,283.0000,98.9748,338.7519,339.9588,-0.2953,57.0000
2019-02-24,336.0230,"jaen,bari,chania",264.6500,605.0000,283.0000,98.9748,339.5036,339.3788,-0.3148,58.0000
2019-03-03,331.5900,"jaen,bari,chania",257.5000,605.0000,283.0000,99.9808,331.6536,339.0030,-0.3311,58.0000
2019-03-10,328.6760,"jaen,bari,chania",252.8000,605.0000,283.0000,99.9808,328.7390,335.2027,-0.4114,60.0000
2019-03-17,325.9160,"jaen,bari,chania",249.8000,605.0000,278.0000,99.9808,325.9785,330.1963,-0.5153,63.0000
2019-03-24,318.3830,"jaen,bari,chania",237.6500,605.0000,278.0000,99.9808,318.4440,327.3587,-0.5794,64.0000
2019-03-31,318.8336,"jaen,bari,chania",241.2800,605.0000,268.0000,99.9808,318.8947,322.4366,-0.6837,67.0000
2019-04-07,313.8580,"jaen,bari,chania",233.9000,603.0000,268.0000,100.6994,311.6780,318.6694,-0.7666,69.0000
2019-04-14,313.0906,"jaen,bari,chania",233.6300,600.0000,268.0000,100.6994,310.9159,315.0610,-0.8471,71.0000
2019-04-21,316.4200,"jaen,bari,chania",239.0000,600.0000,268.0000,100.6994,314.2222,312.9501,-0.8992,72.0000
2019-04-28,313.9028,"jaen,bari,chania",234.9400,600.0000,268.0000,100.6994,311.7225,311.7003,-0.9350,73.0000
2019-05-05,309.6992,"jaen,bari,chania",228.1600,600.0000,268.0000,100.8336,307.1390,311.3192,-0.9542,74.0000
2019-05-12,314.5910,"jaen,bari,chania",236.0500,600.0000,268.0000,100.8336,311.9903,311.8564,-0.9557,74.0000
2019-05-19,313.1836,"jaen,bari,chania",233.7800,600.0000,268.0000,100.8336,310.5946,311.1585,-0.9822,75.0000
2019-05-26,309.5100,"jaen,bari,chania",228.5000,598.0000,268.0000,100.8336,306.9513,308.8668,-1.0411,76.0000
2019-06-02,304.8600,"jaen,bari,chania",221.0000,598.0000,268.0000,100.9965,301.8522,308.7730,-1.0560,76.0000
2019-06-09,300.2266,"jaen,bari,chania",216.4300,598.0000,258.0000,100.9965,297.2645,304.4018,-1.1581,79.0000
2019-06-16,295.4390,"jaen,bari,chania",216.4500,574.0000,258.0000,100.9965,292.5241,299.5583,-1.2694,82.0000
2019-06-23,299.2070,"jaen,bari,chania",222.8500,573.0000,258.0000,100.9965,296.2550,296.7597,-1.3373,83.0000
2019-06-30,284.1810,"jaen,bari,chania",220.5500,505.0000,258.0000,100.9965,281.3772,294.3895,-1.3956,85.0000
2019-07-07,284.1500,"jaen,bari,chania",220.5000,505.0000,258.0000,100.5174,282.6874,287.6058,-1.5442,89.0000
2019-07-14,290.7840,"jaen,bari,chania",231.2000,505.0000,258.0000,100.5174,289.2873,285.9873,-1.5823,90.0000
2019-07-21,289.9284,"jaen,bari,chania",229.8200,505.0000,258.0000,100.5174,288.4361,285.5617,-1.5937,90.0000
2019-07-28,289.1224,"jaen,bari,chania",228.5200,505.0000,258.0000,100.5174,287.6342,288.0351,-1.5435,89.0000
2019-08-04,288.3722,"jaen,bari,chania",227.3100,505.0000,258.0000,100.6611,286.4783,288.0351,-1.5437,89.0000
2019-08-11,287.0330,"jaen,bari,chania",225.1500,505.0000,258.0000,100.6611,285.1479,287.0562,-1.5621,89.0000
2019-08-18,287.6902,"jaen,bari,chania",226.2100,505.0000,258.0000,100.6611,285.8007,286.1395,-1.5789,89.0000
2019-08-25,285.1730,"jaen,bari,chania",222.1500,505.0000,258.0000,100.6611,283.3001,285.4743,-1.5892,90.0000
2019-09-01,286.1340,"jaen,bari,chania",223.7000,505.0000,258.0000,100.8815,283.6338,284.3908,-1.6070,90.0000
2019-09-08,285.3370,"jaen,bari,chania",224.3500,490.0000,268.0000,100.8815,282.8438,283.4670,-1.6203,91.0000
2019-09-15,281.1900,"jaen,bari,chania",222.5000,475.0000,268.0000,100.8815,278.7330,283.0719,-1.6218,91.0000
2019-09-22,278.3282,"jaen,bari,chania",221.1100,465.0000,268.0000,100.8815,275.8962,280.7884,-1.6618,92.0000
2019-09-29,279.0660,"jaen,bari,chania",222.3000,465.0000,268.0000,100.8815,276.6276,277.6803,-1.7177,93.0000
2019-10-06,275.0758,"jaen,bari,chania",219.0900,455.0000,268.0000,101.0252,272.2843,276.2619,-1.7389,93.0000
2019-10-13,269.6260,"jaen,bari,chania",210.3000,455.0000,268.0000,101.0252,266.8898,274.0903,-1.7750,94.0000
2019-10-20,266.5400,"jaen,bari,chania",215.0000,425.0000,268.0000,101.0252,263.8352,269.5871,-1.8571,96.0000
2019-10-27,261.8900,"jaen,bari,chania",207.5000,425.0000,268.0000,101.0252,259.2324,265.3625,-1.9310,98.0000
2019-11-03,271.6728,"jaen,bari,chania",218.4400,440.0000,268.0000,100.6994,269.7858,265.3625,-1.9178,98.0000
2019-11-10,257.2962,"jaen,bari,chania",204.5100,450.0000,225.0000,100.6994,255.5091,261.5338,-1.9775,99.0000
2019-11-17,250.0882,"jaen,bari,chania",206.1100,400.0000,235.0000,100.6994,248.3511,257.3707,-2.0379,100.0000
2019-11-24,239.3664,"jaen,bari,chania",206.7200,340.0000,240.0000,100.6994,237.7038,251.9301,-2.1194,100.0000
2019-12-01,239.2688,"jaen,bari,chania",211.2400,330.0000,235.0000,101.0156,236.8632,243.0275,-2.2638,100.0000
2019-12-08,237.2688,"jaen,bari,chania",211.2400,320.0000,235.0000,101.0156,234.8833,237.2835,-2.3415,100.0000
2019-12-15,232.4762,"jaen,bari,chania",203.5100,320.0000,235.0000,101.0156,230.1389,235.8732,-2.3341,100.0000
2019-12-22,234.5036,"jaen,bari,chania",206.7800,320.0000,235.0000,101.0156,232.1459,233.5146,-2.3442,100.0000
2019-12-29,239.7550,"jaen,bari,chania",215.2500,320.0000,235.0000,101.0156,237.3445,233.5146,-2.3103,100.0000
2020-01-05,229.5750,"jaen,bari,chania",211.2500,295.0000,220.0000,100.0000,229.5750,231.1424,-2.3204,100.0000
2020-01-12,228.5750,"jaen,bari,chania",211.2500,290.0000,220.0000,100.0000,228.5750,230.8604,-2.2923,100.0000
2020-01-19,224.5016,"jaen,bari,chania",204.6800,290.0000,220.0000,100.0000,224.5016,229.0750,-2.2920,100.0000
2020-01-26,219.5200,"jaen,bari,chania",201.0000,290.0000,205.0000,100.0000,219.5200,226.5383,-2.3050,100.0000
2020-02-02,216.7300,"jaen,bari,chania",196.5000,290.0000,205.0000,100.1820,216.3362,222.0108,-2.3519,100.0000
2020-02-09,216.7300,"jaen,bari,chania",196.5000,290.0000,205.0000,100.1820,216.3362,217.9281,-2.3889,100.0000
2020-02-16,222.9496,"jaen,bari,chania",200.0800,310.0000,205.0000,100.1820,222.5445,217.9281,-2.3538,100.0000
2020-02-23,225.2654,"jaen,bari,chania",208.1700,310.0000,190.0000,100.1820,224.8561,219.4403,-2.2942,100.0000
2020-03-01,228.9316,"jaen,bari,chania",211.1800,310.0000,200.0000,100.7282,227.2766,223.7003,-2.1903,100.0000
2020-03-08,233.7056,"jaen,bari,chania",218.8800,310.0000,200.0000,100.7282,232.0161,226.0663,-2.1218,100.0000
2020-03-15,233.3056,"jaen,bari,chania",213.8800,310.0000,215.0000,100.7282,231.6190,229.4478,-2.0386,100.0000
2020-03-22,230.5622,"jaen,bari,chania",213.8100,310.0000,200.0000,100.7282,228.8954,230.2572,-2.0006,100.0000
2020-03-29,229.3312,"jaen,bari,chania",207.7600,310.0000,214.0000,100.7282,227.6733,230.2572,-1.9770,99.0000
2020-04-05,232.2700,"jaen,bari,chania",212.5000,310.0000,214.0000,101.0156,229.9347,229.4151,-1.9677,99.0000
2020-04-12,231.7050,"jaen,bari,chania",206.7500,325.0000,214.0000,101.0156,229.3754,229.1354,-1.9495,99.0000
2020-04-19,228.2550,"jaen,bari,chania",205.2500,325.0000,200.0000,101.0156,225.9601,228.5244,-1.9370,98.0000
2020-04-26,228.2630,"jaen,bari,chania",203.6500,330.0000,200.0000,101.0156,225.9680,227.6717,-1.9288,98.0000
2020-05-03,226.8618,"jaen,bari,chania",201.3900,330.0000,200.0000,100.9198,224.7941,225.9641,-1.9344,98.0000
2020-05-10,226.7830,"jaen,bari,chania",199.6500,335.0000,200.0000,100.9198,224.7161,225.3771,-1.9222,98.0000
2020-05-17,227.3224,"jaen,bari,chania",200.5200,335.0000,200.0000,100.9198,225.2505,225.0223,-1.9068,98.0000
2020-05-24,227.0806,"jaen,bari,chania",200.1300,335.0000,200.0000,100.9198,225.0109,224.9025,-1.8881,97.0000
2020-05-31,225.9044,"jaen,bari,chania",196.6200,340.0000,200.0000,100.9198,223.8455,224.8635,-1.8684,97.0000
2020-06-07,225.5944,"jaen,bari,chania",196.1200,340.0000,200.0000,101.2647,222.7769,224.4282,-1.8554,96.0000
2020-06-14,225.5944,"jaen,bari,chania",196.1200,340.0000,200.0000,101.2647,222.7769,223.3112,-1.8532,96.0000
2020-06-21,225.2782,"jaen,bari,chania",195.6100,340.0000,200.0000,101.2647,222.4646,222.7769,-1.8420,96.0000
2020-06-28,226.2144,"jaen,bari,chania",197.1200,340.0000,200.0000,101.2647,223.3891,222.7769,-1.8228,96.0000
2020-07-05,226.5616,"jaen,bari,chania",197.6800,340.0000,200.0000,100.9102,224.5180,223.0830,-1.7992,95.0000
2020-07-12,219.7044,"jaen,bari,chania",186.6200,340.0000,200.0000,100.9102,217.7226,222.9269,-1.7832,95.0000
2020-07-19,222.9944,"jaen,bari,chania",186.1200,358.0000,200.0000,100.9102,220.9830,222.1860,-1.7766,94.0000
2020-07-26,226.0138,"jaen,bari,chania",190.9900,358.0000,200.0000,100.9102,223.9751,222.4790,-1.7550,94.0000
2020-08-02,227.7982,"jaen,bari,chania",191.6100,365.0000,200.0000,100.4886,226.6905,222.4790,-1.7389,93.0000
2020-08-09,230.0674,"jaen,bari,chania",195.2700,365.0000,200.0000,100.4886,228.9487,225.3328,-1.6800,92.0000
2020-08-16,230.0674,"jaen,bari,chania",195.2700,365.0000,200.0000,100.4886,228.9487,227.8196,-1.6279,91.0000
2020-08-23,235.0606,"jaen,bari,chania",200.1300,365.0000,211.0000,100.4886,233.9176,228.9487,-1.5971,90.0000
2020-08-30,236.2200,"jaen,bari,chania",202.0000,365.0000,211.0000,100.4886,235.0713,231.4331,-1.5474,89.0000
2020-09-06,235.9300,"jaen,bari,chania",201.5000,375.0000,200.0000,100.5653,234.6038,234.2607,-1.4945,87.0000
2020-09-13,240.8936,"jaen,bari,chania",206.2800,385.0000,200.0000,100.5653,239.5395,234.8376,-1.4762,87.0000
2020-09-20,241.8236,"jaen,bari,chania",207.7800,385.0000,200.0000,100.5653,240.4643,237.3054,-1.4291,86.0000
2020-09-27,244.8616,"jaen,bari,chania",212.6800,385.0000,200.0000,100.5653,243.4852,240.0019,-1.3782,84.0000
2020-10-04,246.1016,"jaen,bari,chania",214.6800,385.0000,200.0000,100.7473,244.2760,241.9747,-1.3378,83.0000
2020-10-11,252.1258,"jaen,bari,chania",218.5900,385.0000,220.0000,100.7473,250.2555,243.8806,-1.2982,82.0000
2020-10-18,254.3578,"jaen,bari,chania",222.1900,385.0000,220.0000,100.7473,252.4710,247.2658,-1.2364,81.0000
2020-10-25,258.6376,"jaen,bari,chania",227.4800,390.0000,220.0000,100.7473,256.7190,251.3633,-1.1644,79.0000
2020-11-01,283.3320,"jaen,bari,chania",228.6000,510.0000,220.0000,100.4120,282.1695,254.5950,-1.1061,78.0000
2020-11-08,285.7302,"jaen,bari,chania",230.2100,490.0000,250.0000,100.4120,284.5578,269.4443,-0.8707,72.0000
2020-11-15,281.0744,"jaen,bari,chania",232.6200,475.0000,232.5000,100.4120,279.9211,281.0453,-0.6869,67.0000
2020-11-22,283.9750,"jaen,bari,chania",238.7500,475.0000,227.5000,100.4120,282.8098,282.4897,-0.6608,67.0000
2020-11-29,291.2302,"jaen,bari,chania",245.2100,480.0000,240.0000,100.4120,290.0353,283.6838,-0.6393,66.0000
2020-12-06,294.8200,"jaen,bari,chania",251.0000,480.0000,240.0000,100.7473,292.6330,286.4226,-0.5947,65.0000
2020-12-13,294.8200,"jaen,bari,chania",251.0000,480.0000,240.0000,100.7473,292.6330,291.3341,-0.5173,63.0000
2020-12-20,290.9900,"jaen,bari,chania",247.0000,480.0000,232.5000,100.7473,288.8314,291.3341,-0.5153,63.0000
2020-12-27,294.0900,"jaen,bari,chania",252.0000,480.0000,232.5000,100.7473,291.9084,292.2707,-0.4989,62.0000
2021-01-03,292.8500,"jaen,bari,chania",250.0000,480.0000,232.5000,100.9102,290.2085,291.0585,-0.5148,63.0000
2021-01-10,292.9600,"jaen,bari,chania",248.0000,480.0000,240.0000,100.9102,290.3175,290.2630,-0.5236,63.0000
2021-01-17,294.9688,"jaen,bari,chania",251.2400,480.0000,240.0000,100.9102,292.3081,291.1130,-0.5072,63.0000
2021-01-24,295.5888,"jaen,bari,chania",252.2400,480.0000,240.0000,100.9102,292.9226,291.3128,-0.5008,63.0000
2021-01-31,298.3402,"jaen,bari,chania",254.2100,480.0000,248.5000,100.9102,295.6491,292.6153,-0.4775,62.0000
2021-02-07,300.4884,"jaen,bari,chania",257.8200,480.0000,248.0000,101.1210,297.1572,294.2858,-0.4486,61.0000
2021-02-14,306.7380,"jaen,bari,chania",267.9000,480.0000,248.0000,101.1210,303.3376,296.4032,-0.4131,60.0000
2021-02-21,308.1680,"jaen,bari,chania",268.9000,480.0000,252.5000,101.1210,304.7517,300.2474,-0.3513,59.0000
2021-02-28,307.0900,"jaen,bari,chania",269.5000,475.0000,250.0000,101.1210,303.6856,303.5116,-0.2988,57.0000
2021-03-07,307.4000,"jaen,bari,chania",270.0000,475.0000,250.0000,102.0696,301.1672,303.5116,-0.2964,57.0000
2021-03-14,309.3810,"jaen,bari,chania",272.5500,468.0000,260.0000,102.0696,303.1080,303.3968,-0.2960,57.0000
2021-03-21,309.2770,"jaen,bari,chania",273.3500,465.0000,260.0000,102.0696,303.0061,303.0571,-0.2992,57.0000
2021-03-28,310.6100,"jaen,bari,chania",275.5000,465.0000,260.0000,102.0696,304.3121,303.0571,-0.2972,57.0000
2021-04-04,313.4600,"jaen,bari,chania",278.5000,465.0000,265.5000,102.6540,305.3558,303.7100,-0.2852,57.0000
2021-04-11,314.3000,"jaen,bari,chania",280.0000,465.0000,265.0000,102.6540,306.1741,304.8339,-0.2662,57.0000
2021-04-18,323.2000,"jaen,bari,chania",290.0000,465.0000,280.0000,102.6540,314.8440,305.7649,-0.2503,56.0000
2021-04-25,334.3000,"jaen,bari,chania",305.0000,465.0000,290.0000,102.6540,325.6570,310.5090,-0.1764,54.0000
2021-05-02,351.9172,"jaen,bari,chania",329.0600,465.0000,305.0000,102.9223,341.9251,320.2505,-0.0266,51.0000
2021-05-09,356.5300,"jaen,bari,chania",336.5000,465.0000,305.0000,102.9223,346.4070,333.7911,0.1804,45.0000
2021-05-16,360.0050,"jaen,bari,chania",337.7500,465.0000,320.0000,102.9223,349.7833,344.1661,0.3380,42.0000
2021-05-23,356.4300,"jaen,bari,chania",336.5000,460.0000,310.0000,102.9223,346.3098,346.3584,0.3700,41.0000
2021-05-30,353.9500,"jaen,bari,chania",332.5000,460.0000,310.0000,102.9223,343.9002,346.3584,0.3683,41.0000
2021-06-06,352.4930,"jaen,bari,chania",330.1500,460.0000,310.0000,103.1906,341.5942,345.1050,0.3474,41.0000
2021-06-13,348.7100,"jaen,bari,chania",325.5000,460.0000,305.0000,103.1906,337.9282,342.7472,0.3098,42.0000
2021-06-20,351.1300,"jaen,bari,chania",326.5000,460.0000,315.0000,103.1906,340.2733,340.9338,0.2808,43.0000
2021-06-27,351.5300,"jaen,bari,chania",331.5000,460.0000,300.0000,103.1906,340.6610,340.4672,0.2724,43.0000
2021-07-04,352.5200,"jaen,bari,chania",336.0000,460.0000,290.0000,103.0948,341.9378,340.4672,0.2713,43.0000
2021-07-11,351.5300,"jaen,bari,chania",331.5000,460.0000,300.0000,103.0948,340.9776,340.8193,0.2758,43.0000
2021-07-18,348.9900,"jaen,bari,chania",324.5000,460.0000,310.0000,103.0948,338.5138,340.8193,0.2750,43.0000
2021-07-25,342.0616,"jaen,bari,chania",322.6800,440.0000,300.0000,103.0948,331.7934,339.7457,0.2579,44.0000
2021-08-01,339.3616,"jaen,bari,chania",322.6800,440.0000,285.0000,103.4588,328.0160,335.1536,0.1874,45.0000
2021-08-08,337.7000,"jaen,bari,chania",320.0000,440.0000,285.0000,103.4588,326.4100,329.9047,0.1072,47.0000
2021-08-15,335.7000,"jaen,bari,chania",320.0000,430.0000,285.0000,103.4588,324.4768,327.2130,0.0661,48.0000
2021-08-22,349.0976,"jaen,bari",323.0000,430.0000,,103.4588,337.4265,327.2130,0.0662,48.0000
2021-08-29,336.4100,"jaen,bari,chania",325.5000,430.0000,270.0000,103.4588,325.1631,325.7865,0.0448,49.0000
2021-09-05,343.9800,"jaen,bari,chania",329.0000,430.0000,300.0000,103.9475,330.9171,328.0401,0.0796,48.0000
2021-09-12,343.6898,"jaen,bari,chania",330.7900,423.0000,300.0000,103.9475,330.6379,330.7775,0.1218,47.0000
2021-09-19,345.0324,"jaen,bari,chania",331.0200,420.0000,310.0000,103.9475,331.9295,330.7775,0.1223,47.0000
2021-09-26,339.4896,"jaen,bari,chania",322.0800,420.0000,310.0000,103.9475,326.5972,330.7775,0.1228,47.0000
2021-10-03,334.6670,"jaen,bari,chania",312.8500,420.0000,315.0000,104.8290,319.2505,328.6175,0.0904,48.0000
2021-10-10,336.8432,"jaen,bari,chania",316.3600,420.0000,315.0000,104.8290,321.3264,323.9618,0.0204,49.0000
2021-10-17,334.2000,"jaen,bari,chania",315.0000,420.0000,305.0000,104.8290,318.8050,320.2885,-0.0343,51.0000
2021-10-24,334.5844,"jaen,bari,chania",315.6200,420.0000,305.0000,104.8290,319.1717,319.2111,-0.0489,51.0000
2021-10-31,333.0476,"jaen,bari,chania",317.9800,405.0000,305.0000,104.8290,317.7057,318.9883,-0.0503,51.0000
2021-11-07,338.4020,"jaen,bari,chania",312.1000,450.0000,305.0000,105.2985,321.3741,318.9883,-0.0476,51.0000
2021-11-14,332.8524,"jaen,bari,chania",307.0200,438.0000,305.0000,105.2985,316.1038,318.4387,-0.0524,51.0000
2021-11-21,331.9844,"jaen,bari,chania",305.6200,438.0000,305.0000,105.2985,315.2795,316.9047,-0.0719,52.0000
2021-11-28,331.8900,"jaen,bari,chania",314.5000,419.0000,295.0000,105.2985,315.1898,315.6916,-0.0862,52.0000
2021-12-05,327.8900,"jaen,bari,chania",314.5000,390.0000,305.0000,105.7488,310.0650,315.2346,-0.0886,52.0000
2021-12-12,335.9500,"jaen,bari,chania",327.5000,390.0000,305.0000,105.7488,317.6869,315.2346,-0.0838,52.0000
2021-12-19,335.3300,"jaen,bari,chania",326.5000,390.0000,305.0000,105.7488,317.1006,316.1452,-0.0649,52.0000
2021-12-26,337.5000,"jaen,bari,chania",330.0000,390.0000,305.0000,105.7488,319.1526,317.3937,-0.0407,51.0000
2022-01-02,339.6658,"jaen,bari,chania",330.5900,390.0000,315.0000,106.0650,320.2432,318.4198,-0.0197,50.0000
2022-01-09,346.9300,"jaen,bari,chania",336.5000,408.0000,315.0000,106.0650,327.0920,319.6979,0.0054,50.0000
2022-01-16,345.0700,"jaen,bari,chania",333.5000,408.0000,315.0000,106.0650,325.3384,322.7908,0.0594,49.0000
2022-01-23,347.8700,"jaen,bari,chania",333.5000,413.0000,325.0000,106.0650,327.9782,326.2152,0.1191,47.0000
2022-01-30,346.9700,"jaen,bari,chania",333.5000,413.0000,320.0000,106.0650,327.1297,327.1109,0.1396,47.0000
2022-02-06,338.9100,"jaen,bari,chania",320.5000,413.0000,320.0000,107.0614,316.5566,326.2340,0.1324,47.0000
2022-02-13,335.5600,"jaen,bari,chania",318.0000,413.0000,310.0000,107.0614,313.4276,321.8432,0.0689,48.0000
2022-02-20,339.5900,"jaen,bari,chania",324.5000,413.0000,310.0000,107.0614,317.1918,316.8742,-0.0040,50.0000
2022-02-27,341.2950,"jaen,bari,chania",327.2500,413.0000,310.0000,107.0614,318.7843,316.8742,0.0034,50.0000
2022-03-06,345.9388,"jaen,bari,chania",334.7400,413.0000,310.0000,109.6675,315.4432,316.3175,0.0018,50.0000
2022-03-13,358.8100,"jaen,bari,chania",355.5000,413.0000,310.0000,109.6675,327.1798,317.9880,0.0370,49.0000
2022-03-20,366.5000,"jaen,bari,chania",365.0000,413.0000,320.0000,109.6675,334.1919,322.9821,0.1278,47.0000
2022-03-27,367.9500,"jaen,bari,chania",362.5000,428.0000,320.0000,109.6675,335.5141,330.6858,0.2650,43.0000
2022-04-03,361.5300,"jaen,bari,chania",351.5000,430.0000,320.0000,110.2903,327.7985,330.9952,0.2791,43.0000
2022-04-10,360.9100,"jaen,bari,chania",350.5000,430.0000,320.0000,110.2903,327.2364,330.9952,0.2882,43.0000
2022-04-17,359.9800,"jaen,bari,chania",349.0000,430.0000,320.0000,110.2903,326.3931,327.5174,0.2378,44.0000
2022-04-24,357.7800,"jaen,bari,chania",344.0000,430.0000,325.0000,110.2903,324.3984,326.8147,0.2352,44.0000
2022-05-01,356.2600,"jaen,bari,chania",343.0000,430.0000,320.0000,111.2101,320.3486,325.3958,0.2205,44.0000
2022-05-08,356.3300,"jaen,bari,chania",341.5000,435.0000,320.0000,111.2101,320.4115,322.4049,0.1780,46.0000
2022-05-15,356.5800,"jaen,bari,chania",339.0000,435.0000,330.0000,111.2101,320.6363,320.5239,0.1547,46.0000
2022-05-22,356.5800,"jaen,bari,chania",339.0000,435.0000,330.0000,111.2101,320.6363,320.5239,0.1650,46.0000
2022-05-29,355.6500,"jaen,bari,chania",337.5000,435.0000,330.0000,111.2101,319.8000,320.5239,0.1755,46.0000
2022-06-05,355.6500,"jaen,bari,chania",337.5000,435.0000,330.0000,112.1108,317.2309,320.2182,0.1805,45.0000
2022-06-12,352.2400,"jaen,bari,chania",332.0000,435.0000,330.0000,112.1108,314.1893,318.5155,0.1595,46.0000
2022-06-19,352.2400,"jaen,bari,chania",332.0000,435.0000,330.0000,112.1108,314.1893,315.7101,0.1174,47.0000
2022-06-26,351.0600,"jaen,bari,chania",333.0000,435.0000,320.0000,112.1108,313.1368,314.1893,0.0989,48.0000
2022-07-03,353.9988,"jaen,bari,chania",337.7400,435.0000,320.0000,112.2353,315.4077,314.1893,0.1095,47.0000
2022-07-10,359.8268,"jaen,bari,chania",347.1400,435.0000,320.0000,112.2353,320.6003,314.7985,0.1320,47.0000
2022-07-17,365.0100,"jaen,bari,chania",355.5000,435.0000,320.0000,112.2353,325.2185,318.0040,0.2060,45.0000
2022-07-24,370.3500,"jaen,bari,chania",362.5000,440.0000,320.0000,112.2353,329.9763,322.9094,0.3145,42.0000
2022-07-31,380.7600,"jaen,bari,chania",363.0000,450.0000,365.0000,112.2353,339.2515,327.5974,0.4201,39.0000
2022-08-07,384.4800,"jaen,bari,chania",369.0000,450.0000,365.0000,112.9156,340.5021,334.6139,0.5749,36.0000
2022-08-14,386.6500,"jaen,bari,chania",372.5000,450.0000,365.0000,112.9156,342.4239,339.8768,0.6960,33.0000
2022-08-21,391.4024,"jaen,bari",372.5000,450.0000,,112.9156,346.6328,341.4630,0.7393,32.0000
2022-08-28,373.7875,"jaen,chania",386.5000,,330.0000,112.9156,331.0327,341.4630,0.7500,31.0000
2022-09-04,394.1100,"jaen,bari,chania",390.5000,463.0000,330.0000,114.2666,344.9041,343.6640,0.8069,30.0000
2022-09-11,403.9700,"jaen,bari,chania",393.5000,503.0000,330.0000,114.2666,353.5330,345.7684,0.8656,28.0000
2022-09-18,405.8700,"jaen,bari,chania",393.5000,508.0000,335.0000,114.2666,355.1958,349.2186,0.9541,26.0000
2022-09-25,408.9100,"jaen,bari,chania",395.5000,508.0000,345.0000,114.2666,357.8563,354.3644,1.0801,23.0000
2022-10-02,405.1798,"jaen,bari,chania",395.2900,508.0000,325.0000,115.9624,349.4061,354.3644,1.0953,23.0000
2022-10-09,423.7300,"jaen,bari,chania",416.5000,508.0000,355.0000,115.9624,365.4028,356.5260,1.1585,21.0000
2022-10-16,444.4500,"jaen,bari,chania",442.5000,531.0000,355.0000,115.9624,383.2706,361.6295,1.2878,18.0000
2022-10-23,461.8800,"jaen,bari,chania",459.0000,540.0000,385.0000,115.9624,398.3014,374.3367,1.5875,10.0000
2022-10-30,469.0100,"jaen,bari,chania",470.5000,540.0000,385.0000,115.9624,404.4499,390.7860,1.9699,1.0000
2022-11-06,477.1600,"jaen,bari,chania",472.0000,550.0000,414.0000,115.8858,411.7502,401.3756,2.2160,0.0000
2022-11-13,484.0700,"jaen,bari,chania",472.5000,583.0000,414.0000,115.8858,417.7130,408.1001,2.3666,0.0000
2022-11-20,483.8300,"jaen,bari,chania",471.5000,593.0000,405.0000,115.8858,417.5059,414.6281,2.4999,0.0000
2022-11-27,489.0200,"jaen,bari,chania",476.0000,605.0000,405.0000,115.8858,421.9844,417.6094,2.5448,0.0000
2022-12-04,513.6500,"jaen,bari,chania",502.5000,610.0000,445.0000,115.4738,444.8195,419.8487,2.5686,0.0000
2022-12-11,528.4100,"jaen,bari,chania",520.5000,610.0000,465.0000,115.4738,457.6017,433.4020,2.8303,0.0000
2022-12-18,530.8300,"jaen,bari,chania",521.5000,610.0000,475.0000,115.4738,459.6974,451.2106,3.1630,0.0000
2022-12-25,531.8800,"jaen,bari,chania",529.0000,610.0000,455.0000,115.4738,460.6067,458.6495,3.2591,0.0000
2023-01-01,531.8800,"jaen,bari,chania",529.0000,610.0000,455.0000,115.2343,461.5641,460.1520,3.2280,0.0000
2023-01-08,531.8800,"jaen,bari,chania",529.0000,610.0000,455.0000,115.2343,461.5641,461.0854,3.1885,0.0000
2023-01-15,530.9500,"jaen,bari,chania",527.5000,610.0000,455.0000,115.2343,460.7571,461.1606,3.1365,0.0000
2023-01-22,539.8200,"jaen,bari,chania",536.0000,610.0000,475.0000,115.2343,468.4544,461.5641,3.0933,0.0000
2023-01-29,527.7600,"jaen,bari,chania",518.0000,610.0000,470.0000,115.2343,457.9888,461.1606,3.0364,0.0000
2023-02-05,527.7600,"jaen,bari,chania",518.0000,610.0000,470.0000,116.1636,454.3246,459.3729,2.9552,0.0000
2023-02-12,525.9600,"jaen,bari,chania",518.0000,610.0000,460.0000,116.1636,452.7750,456.1567,2.8506,0.0000
2023-02-19,529.5900,"jaen,bari,chania",524.5000,608.0000,460.0000,116.1636,455.8999,455.1123,2.7903,0.0000
2023-02-26,527.1900,"jaen,bari,chania",524.5000,605.0000,450.0000,116.1636,453.8339,454.0792,2.7319,0.0000
2023-03-05,527.7200,"jaen,bari,chania",526.0000,603.0000,450.0000,117.2176,450.2055,453.3045,2.6786,0.0000
2023-03-12,527.6900,"jaen,bari,chania",524.5000,603.0000,455.0000,117.2176,450.1799,452.0197,2.6157,0.0000
2023-03-19,530.4200,"jaen,bari,chania",526.0000,603.0000,465.0000,117.2176,452.5089,451.3572,2.5644,0.0000
2023-03-26,526.0800,"jaen,bari,chania",519.0000,603.0000,465.0000,117.2176,448.8064,450.1927,2.5057,0.0000
2023-04-02,525.2400,"jaen,bari,chania",517.0000,605.0000,465.0000,117.9649,445.2510,449.4931,2.4566,0.0000
2023-04-09,530.1400,"jaen,bari,chania",522.0000,605.0000,475.0000,117.9649,449.4047,449.1055,2.4143,0.0000
2023-04-16,532.5300,"jaen,bari,chania",521.5000,605.0000,490.0000,117.9649,451.4308,449.1055,2.3799,0.0000
2023-04-23,541.5600,"jaen,bari,chania",538.0000,608.0000,480.0000,117.9649,459.0856,450.4178,2.3684,0.0000
2023-04-30,556.6600,"jaen,bari,chania",553.0000,610.0000,510.0000,117.9649,471.8860,455.2582,2.4147,0.0000
2023-05-07,569.1100,"jaen,bari,chania",570.5000,618.0000,510.0000,117.9937,482.3225,465.4858,2.5448,0.0000
2023-05-14,579.6000,"jaen,bari,chania",580.0000,623.0000,530.0000,117.9937,491.2128,477.1042,2.6887,0.0000
2023-05-21,594.1300,"jaen,bari,chania",591.5000,633.0000,560.0000,117.9937,503.5270,486.7676,2.7925,0.0000
2023-05-28,602.0700,"jaen,bari,chania",608.5000,638.0000,540.0000,117.9937,510.2562,497.3699,2.9031,0.0000
2023-06-04,612.8200,"jaen,bari,chania",611.0000,675.0000,550.0000,118.3003,518.0208,506.8916,2.9889,0.0000
2023-06-11,619.3800,"jaen,bari,chania",619.0000,683.0000,550.0000,118.3003,523.5660,514.1385,3.0339,0.0000
2023-06-18,628.0000,"jaen,bari,chania",620.0000,705.0000,570.0000,118.3003,530.8525,520.7934,3.0659,0.0000
2023-06-25,650.1000,"jaen,bari,chania",645.0000,720.0000,590.0000,118.3003,549.5338,527.2092,3.0909,0.0000
2023-07-02,676.9700,"jaen,bari,chania",658.5000,790.0000,615.0000,118.1949,572.7574,540.1932,3.2039,0.0000
2023-07-09,689.1300,"jaen,bari,chania",666.5000,790.0000,655.0000,118.1949,583.0455,561.1456,3.4136,0.0000
2023-07-16,719.3700,"jaen,bari,chania",698.5000,815.0000,685.0000,118.1949,608.6304,577.9015,3.5466,0.0000
2023-07-23,741.7700,"jaen,bari,chania",718.5000,865.0000,685.0000,118.1949,627.5822,595.8380,3.6789,0.0000
2023-07-30,781.0200,"jaen,bari,chania",756.0000,900.0000,735.0000,118.1949,660.7900,618.1063,3.8473,0.0000
2023-08-06,782.5700,"jaen,bari,chania",758.5000,900.0000,735.0000,118.8368,658.5248,643.0535,4.0240,0.0000
2023-08-13,788.7700,"jaen,bari,chania",768.5000,900.0000,735.0000,118.8368,663.7420,659.6574,4.0790,0.0000
2023-08-20,804.7317,"jaen,bari",774.0000,900.0000,,118.8368,677.1737,662.2660,3.9678,0.0000
2023-08-27,816.0732,"jaen,bari",789.0000,900.0000,,118.8368,686.7174,670.4578,3.9268,0.0000
2023-09-03,821.6300,"jaen,bari,chania",821.5000,900.0000,735.0000,119.2201,689.1708,681.9455,3.9213,0.0000
2023-09-10,830.6700,"jaen,bari,chania",833.5000,908.0000,735.0000,119.2201,696.7534,687.9441,3.8570,0.0000
2023-09-17,843.9400,"jaen,bari,chania",852.0000,908.0000,745.0000,119.2201,707.8841,692.9621,3.7868,0.0000
2023-09-24,849.5300,"jaen,bari,chania",846.5000,908.0000,795.0000,119.2201,712.5729,702.3188,3.7624,0.0000
2023-10-01,840.8500,"jaen,bari,chania",832.5000,908.0000,795.0000,119.3255,704.6693,706.2767,3.6867,0.0000
2023-10-08,823.2400,"jaen,bari,chania",807.0000,908.0000,785.0000,119.3255,689.9113,706.2767,3.5797,0.0000
2023-10-15,807.0500,"jaen,bari,chania",797.5000,870.0000,770.0000,119.3255,676.3434,697.2903,3.3996,0.0000
2023-10-22,814.8000,"jaen,bari,chania",810.0000,870.0000,770.0000,119.3255,682.8383,686.3748,3.2162,0.0000
2023-10-29,799.8500,"jaen,bari,chania",797.5000,870.0000,730.0000,119.3255,670.3095,679.5908,3.0819,0.0000
2023-11-05,784.3500,"jaen,bari,chania",792.5000,835.0000,700.0000,118.6644,660.9819,673.3265,2.9609,0.0000
2023-11-12,763.6500,"jaen,bari,chania",787.5000,810.0000,630.0000,118.6644,643.5378,665.6457,2.8351,0.0000
2023-11-19,756.1500,"jaen,bari,chania",757.5000,825.0000,675.0000,118.6644,637.2174,652.2598,2.6683,0.0000
2023-11-26,753.3000,"jaen,bari,chania",745.0000,845.0000,680.0000,118.6644,634.8157,640.3776,2.5230,0.0000
2023-12-03,767.6500,"jaen,bari,chania",747.5000,900.0000,690.0000,118.8560,645.8656,640.3776,2.4832,0.0000
2023-12-10,799.5500,"jaen,bari,chania",772.5000,910.0000,770.0000,118.8560,672.7048,641.5415,2.4543,0.0000
2023-12-17,830.8000,"jaen,bari,chania",820.0000,910.0000,780.0000,118.8560,698.9971,659.2852,2.5603,0.0000
2023-12-24,849.7800,"jaen,bari,chania",839.0000,910.0000,820.0000,118.8560,714.9661,685.8510,2.7296,0.0000
2023-12-31,864.3500,"jaen,bari,chania",862.5000,910.0000,820.0000,118.8560,727.2246,706.9816,2.8453,0.0000
2024-01-07,891.1400,"jaen,bari,chania",887.0000,968.0000,820.0000,118.4248,752.4942,721.0953,2.8989,0.0000
2024-01-14,914.6951,"jaen,bari",897.5000,968.0000,,118.4248,772.3845,739.8594,2.9826,0.0000
2024-01-21,904.3500,"jaen,bari,chania",902.5000,968.0000,840.0000,118.4248,763.6489,758.0716,3.0552,0.0000
2024-01-28,896.9100,"jaen,bari,chania",890.5000,968.0000,840.0000,118.4248,757.3665,760.5077,3.0074,0.0000
2024-02-04,896.4800,"jaen,bari,chania",884.0000,968.0000,860.0000,119.1626,752.3166,760.5077,2.9447,0.0000
2024-02-11,883.9500,"jaen,bari,chania",872.5000,968.0000,830.0000,119.1626,741.8016,754.8415,2.8455,0.0000
2024-02-18,890.9000,"jaen,bari,chania",875.0000,968.0000,860.0000,119.1626,747.6339,749.9753,2.7573,0.0000
2024-02-25,889.2200,"jaen,bari,chania",881.0000,968.0000,830.0000,119.1626,746.2241,746.9290,2.6861,0.0000
2024-03-03,883.5200,"jaen,bari,chania",866.0000,968.0000,850.0000,120.0632,735.8789,744.0128,2.6191,0.0000
2024-03-10,881.3500,"jaen,bari,chania",862.5000,968.0000,850.0000,120.0632,734.0715,741.0515,2.5549,0.0000
2024-03-17,882.5900,"jaen,bari,chania",864.5000,968.0000,850.0000,120.0632,735.1043,735.4916,2.4764,0.0000
2024-03-24,865.3500,"jaen,bari,chania",842.5000,968.0000,830.0000,120.0632,720.7452,734.5879,2.4316,0.0000
2024-03-31,835.9000,"jaen,bari,chania",795.0000,968.0000,830.0000,120.0632,696.2164,727.4083,2.3480,0.0000
2024-04-07,797.7000,"jaen,bari,chania",745.0000,968.0000,790.0000,120.7627,660.5518,708.4808,2.1921,0.0000
2024-04-14,767.0000,"jaen,bari,chania",710.0000,968.0000,740.0000,120.7627,635.1300,678.3841,1.9704,1.0000
2024-04-21,780.3500,"jaen,bari,chania",732.5000,965.0000,740.0000,120.7627,646.1848,653.3683,1.7878,5.0000
2024-04-28,769.2500,"jaen,bari,chania",717.5000,965.0000,730.0000,120.7627,636.9932,641.5890,1.6941,8.0000
2024-05-05,787.8500,"jaen,bari,chania",747.5000,965.0000,730.0000,121.0214,651.0007,641.5890,1.6773,8.0000
2024-05-12,793.8000,"jaen,bari,chania",760.0000,965.0000,720.0000,121.0214,655.9172,648.5928,1.7050,7.0000
2024-05-19,809.3000,"jaen,bari,chania",785.0000,965.0000,720.0000,121.0214,668.7249,653.4590,1.7184,7.0000
2024-05-26,808.9300,"jaen,bari,chania",781.5000,965.0000,730.0000,121.0214,668.4192,662.1682,1.7554,6.0000
2024-06-02,821.9600,"jaen,bari,chania",788.0000,965.0000,780.0000,121.2801,677.7371,668.5720,1.7770,6.0000
2024-06-09,823.5100,"jaen,bari,chania",790.5000,965.0000,780.0000,121.2801,679.0152,673.2310,1.7871,5.0000
2024-06-16,828.1600,"jaen,bari,chania",798.0000,965.0000,780.0000,121.2801,682.8493,678.3761,1.7999,5.0000
2024-06-23,822.9900,"jaen,bari,chania",794.5000,950.0000,780.0000,121.2801,678.5864,678.8008,1.7834,5.0000
2024-06-30,812.8200,"jaen,bari,chania",781.0000,950.0000,770.0000,121.2801,670.2008,678.8008,1.7647,6.0000
2024-07-07,797.3200,"jaen,bari,chania",756.0000,950.0000,770.0000,121.2417,657.6283,674.3936,1.7199,7.0000
2024-07-14,752.2000,"jaen,bari,chania",705.0000,950.0000,695.0000,121.2417,620.4134,663.9146,1.6396,9.0000
2024-07-21,738.5500,"jaen,bari,chania",697.5000,950.0000,645.0000,121.2417,609.1549,639.0209,1.4746,13.0000
2024-07-28,732.3500,"jaen,bari,chania",687.5000,950.0000,645.0000,121.2417,604.0412,614.7842,1.3163,17.0000
2024-08-04,722.9500,"jaen,bari,chania",682.5000,923.0000,640.0000,121.4142,595.4411,606.5980,1.2565,19.0000
2024-08-11,715.7700,"jaen,bari,chania",673.5000,915.0000,640.0000,121.4142,589.5274,599.7411,1.2054,20.0000
2024-08-18,720.4200,"jaen,bari,chania",681.0000,915.0000,640.0000,121.4142,593.3573,594.3992,1.1640,21.0000
2024-08-25,752.4390,"jaen,bari",700.0000,915.0000,,121.4142,619.7290,594.3992,1.1550,21.0000
2024-09-01,733.2200,"jaen,bari,chania",706.0000,915.0000,625.0000,121.2992,604.4721,598.9147,1.1729,21.0000
2024-09-08,743.5800,"jaen,bari,chania",714.0000,915.0000,655.0000,121.2992,613.0130,608.7426,1.2220,19.0000
2024-09-15,750.4000,"jaen,bari,chania",725.0000,915.0000,655.0000,121.2992,618.6355,615.8242,1.2543,19.0000
2024-09-22,751.0200,"jaen,bari,chania",726.0000,915.0000,655.0000,121.2992,619.1466,615.8242,1.2442,19.0000
2024-09-29,754.9900,"jaen,bari,chania",729.5000,915.0000,665.0000,121.2992,622.4195,618.8910,1.2523,19.0000
2024-10-06,754.0600,"jaen,bari,chania",728.0000,915.0000,665.0000,121.7112,619.5485,619.3475,1.2449,19.0000
2024-10-13,756.5400,"jaen,bari,chania",732.0000,915.0000,665.0000,121.7112,621.5861,620.5673,1.2421,19.0000
2024-10-20,748.7300,"jaen,bari,chania",716.5000,915.0000,675.0000,121.7112,615.1693,620.5673,1.2321,19.0000
2024-10-27,742.0300,"jaen,bari,chania",711.5000,915.0000,655.0000,121.7112,609.6644,617.3589,1.2035,20.0000
2024-11-03,728.7000,"jaen,bari,chania",690.0000,915.0000,655.0000,121.3184,600.6509,612.4168,1.1650,21.0000
2024-11-10,714.9500,"jaen,bari,chania",687.5000,890.0000,615.0000,121.3184,589.3171,605.1577,1.1133,22.0000
2024-11-17,629.9000,"jaen,bari,chania",590.0000,875.0000,495.0000,121.3184,519.2123,594.9840,1.0451,24.0000
2024-11-24,592.3000,"jaen,bari,chania",540.0000,860.0000,475.0000,121.3184,488.2195,554.2647,0.7980,30.0000
2024-12-01,600.7000,"jaen,bari,chania",530.0000,915.0000,495.0000,121.7495,493.3899,506.3011,0.5090,37.0000
2024-12-08,601.7000,"jaen,bari,chania",530.0000,920.0000,495.0000,121.7495,494.2113,493.8006,0.4299,39.0000
2024-12-15,580.8000,"jaen,bari,chania",485.0000,955.0000,495.0000,121.7495,477.0449,490.8047,0.4070,40.0000
2024-12-22,569.6400,"jaen,bari,chania",467.0000,955.0000,495.0000,121.7495,467.8785,485.2174,0.3688,41.0000
2024-12-29,540.0300,"jaen,bari,chania",426.5000,955.0000,470.0000,121.7495,443.5581,472.4617,0.2879,43.0000
2025-01-05,543.4400,"jaen,bari,chania",432.0000,955.0000,470.0000,121.4142,447.5918,457.7352,0.1952,45.0000
2025-01-12,546.5100,"jaen,bari,chania",435.5000,955.0000,475.0000,121.4142,450.1203,448.8561,0.1372,47.0000
2025-01-19,546.2500,"jaen,bari,chania",442.5000,950.0000,455.0000,121.4142,449.9062,448.7490,0.1318,47.0000
2025-01-26,536.8800,"jaen,bari,chania",424.0000,938.0000,480.0000,121.4142,442.1888,448.7490,0.1269,47.0000
2025-02-02,528.7500,"jaen,bari,chania",417.5000,940.0000,455.0000,121.9316,433.6448,446.0475,0.1056,47.0000
2025-02-09,521.0400,"jaen,bari,chania",417.0000,930.0000,425.0000,121.9316,427.3216,437.9168,0.0514,49.0000
2025-02-16,520.1700,"jaen,bari,chania",418.5000,930.0000,415.0000,121.9316,426.6081,430.4832,0.0012,50.0000
2025-02-23,515.5800,"jaen,bari,chania",414.0000,930.0000,405.0000,121.9316,422.8437,426.9648,-0.0251,51.0000
2025-03-02,513.3500,"jaen,bari,chania",407.5000,930.0000,415.0000,122.6789,418.4500,424.7259,-0.0436,51.0000
2025-03-09,512.4200,"jaen,bari,chania",406.0000,930.0000,415.0000,122.6789,417.6919,420.6468,-0.0733,52.0000
2025-03-16,508.0200,"jaen,bari,chania",396.0000,930.0000,425.0000,122.6789,414.1053,418.0710,-0.0939,52.0000
2025-03-23,499.3400,"jaen,bari,chania",382.0000,930.0000,425.0000,122.6789,407.0300,415.8986,-0.1121,53.0000
2025-03-30,501.7700,"jaen,bari,chania",378.5000,935.0000,445.0000,122.6789,409.0107,411.5580,-0.1438,54.0000
2025-04-06,499.1700,"jaen,bari,chania",378.5000,940.0000,425.0000,123.3784,404.5847,408.0203,-0.1705,54.0000
2025-04-13,501.0700,"jaen,bari,chania",383.5000,970.0000,385.0000,123.3784,406.1247,406.5773,-0.1844,55.0000
2025-04-20,506.9000,"jaen,bari,chania",390.0000,970.0000,395.0000,123.3784,410.8500,407.5677,-0.1831,55.0000
2025-04-27,496.7000,"jaen,bari,chania",375.0000,970.0000,390.0000,123.3784,402.5827,405.3547,-0.2020,55.0000
2025-05-04,484.3000,"jaen,bari,chania",355.0000,970.0000,390.0000,123.3113,392.7459,404.3537,-0.2133,55.0000
2025-05-11,482.7500,"jaen,bari,chania",352.5000,970.0000,390.0000,123.3113,391.4889,397.6643,-0.2607,57.0000
2025-05-18,483.3700,"jaen,bari,chania",353.5000,970.0000,390.0000,123.3113,391.9917,392.3688,-0.2993,57.0000
2025-05-25,464.6400,"jaen,bari,chania",332.0000,970.0000,360.0000,123.3113,376.8025,391.7403,-0.3084,58.0000
2025-06-01,468.6700,"jaen,bari,chania",338.5000,970.0000,360.0000,123.6850,378.9224,385.2056,-0.3553,59.0000
2025-06-08,477.6600,"jaen,bari,chania",353.0000,970.0000,360.0000,123.6850,386.1908,382.5566,-0.3775,59.0000
2025-06-15,477.6600,"jaen,bari,chania",353.0000,970.0000,360.0000,123.6850,386.1908,382.5566,-0.3828,60.0000
2025-06-22,475.2400,"jaen,bari,chania",352.0000,970.0000,350.0000,123.6850,384.2342,385.2125,-0.3710,59.0000
2025-06-29,478.3400,"jaen,bari,chania",357.0000,970.0000,350.0000,123.6850,386.7406,386.1908,-0.3701,59.0000
2025-07-06,481.0700,"jaen,bari,chania",358.5000,970.0000,360.0000,123.7137,388.8575,386.4657,-0.3738,59.0000
2025-07-13,481.0700,"jaen,bari,chania",358.5000,970.0000,360.0000,123.7137,388.8575,387.7990,-0.3707,59.0000
2025-07-20,484.6700,"jaen,bari,chania",358.5000,970.0000,380.0000,123.7137,391.7674,388.8575,-0.3693,59.0000
2025-07-27,485.6000,"jaen,bari,chania",360.0000,970.0000,380.0000,123.7137,392.5191,390.3124,-0.3655,59.0000
2025-08-03,495.6200,"jaen,bari,chania",374.0000,965.0000,393.0000,123.8958,400.0298,392.1433,-0.3590,59.0000
2025-08-10,499.6500,"jaen,bari,chania",380.5000,965.0000,393.0000,123.8958,403.2826,396.2745,-0.3372,58.0000
2025-08-17,500.8900,"jaen,bari,chania",382.5000,965.0000,393.0000,123.8958,404.2834,401.6562,-0.3071,58.0000
2025-08-24,504.1300,"jaen,bari,chania",391.5000,965.0000,380.0000,123.8958,406.8985,403.7830,-0.2985,57.0000
2025-08-31,507.1600,"jaen,bari,chania",398.0000,960.0000,380.0000,123.8958,409.3441,405.5910,-0.2919,57.0000
2025-09-07,514.9900,"jaen,bari,chania",402.5000,960.0000,408.0000,124.0011,415.3107,408.1213,-0.2805,57.0000
2025-09-14,515.5300,"jaen,bari,chania",411.5000,960.0000,380.0000,124.0011,415.7461,412.3274,-0.2576,56.0000
2025-09-21,535.6300,"jaen,bari,chania",426.5000,960.0000,440.0000,124.0011,431.9557,415.5284,-0.2414,56.0000
2025-09-28,535.3300,"jaen,bari,chania",431.5000,943.0000,440.0000,124.0011,431.7137,423.7299,-0.1911,55.0000
2025-10-05,530.4300,"jaen,bari,chania",426.5000,943.0000,430.0000,124.2694,426.8387,429.2762,-0.1588,54.0000
2025-10-12,528.8800,"jaen,bari,chania",424.0000,943.0000,430.0000,124.2694,425.5914,429.2762,-0.1642,54.0000
2025-10-19,527.3300,"jaen,bari,chania",421.5000,943.0000,430.0000,124.2694,424.3441,426.2151,-0.1906,55.0000
2025-10-26,530.6800,"jaen,bari,chania",424.0000,943.0000,440.0000,124.2694,427.0399,426.2151,-0.1958,55.0000
2025-11-02,497.4300,"jaen,bari,chania",416.5000,800.0000,440.0000,123.9149,401.4287,424.9678,-0.2093,55.0000
2025-11-09,501.3800,"jaen,bari,chania",439.0000,750.0000,440.0000,123.9149,404.6163,414.4802,-0.2865,57.0000
2025-11-16,484.3400,"jaen,bari,chania",417.0000,715.0000,460.0000,123.9149,390.8650,403.0225,-0.3705,59.0000
2025-11-23,495.5000,"jaen,bari,chania",435.0000,715.0000,460.0000,123.9149,399.8711,400.6499,-0.3912,60.0000
2025-11-30,506.9700,"jaen,bari,chania",453.5000,715.0000,460.0000,123.9149,409.1275,402.2437,-0.3841,60.0000
2025-12-07,512.9300,"jaen,bari,chania",466.5000,700.0000,465.0000,124.1353,413.2024,404.4993,-0.3722,59.0000
2025-12-14,484.8500,"jaen,bari,chania",432.5000,665.0000,465.0000,124.1353,390.5819,404.4993,-0.3762,59.0000
2025-12-21,479.9900,"jaen,bari,chania",429.5000,650.0000,465.0000,124.1353,386.6668,399.8547,-0.4129,60.0000
2025-12-28,478.6800,"jaen,bari,chania",430.0000,650.0000,456.0000,124.1353,385.6115,388.6244,-0.4960,62.0000
2026-01-04,482.5600,"jaen,bari,chania",438.0000,650.0000,450.0000,124.1353,388.7372,387.7020,-0.5064,63.0000
2026-01-11,481.1000,"jaen,bari,chania",440.0000,650.0000,435.0000,124.1353,387.5610,387.1139,-0.5143,63.0000
2026-01-18,474.3100,"jaen,bari,chania",430.5000,650.0000,430.0000,124.1353,382.0912,386.5863,-0.5219,63.0000
2026-01-25,462.2200,"jaen,bari,chania",411.0000,650.0000,430.0000,124.1353,372.3518,384.8261,-0.5382,63.0000
2026-02-01,457.9400,"jaen,bari,chania",407.0000,650.0000,420.0000,124.1353,368.9040,377.2215,-0.5960,65.0000
2026-02-08,465.3800,"jaen,bari,chania",419.0000,650.0000,420.0000,124.1353,374.8974,373.6246,-0.6252,66.0000
2026-02-15,474.8700,"jaen,bari,chania",428.5000,650.0000,440.0000,124.1353,382.5423,373.6246,-0.6283,66.0000
2026-02-22,479.5800,"jaen,bari,chania",439.0000,650.0000,430.0000,124.1353,386.3366,378.7199,-0.5948,65.0000
2026-03-01,481.3800,"jaen,bari,chania",439.0000,650.0000,440.0000,124.1353,387.7866,384.4394,-0.5569,64.0000
2026-03-08,475.8000,"jaen,bari,chania",430.0000,650.0000,440.0000,124.1353,383.2915,384.8140,-0.5575,64.0000
2026-03-15,480.8200,"jaen,bari,chania",441.0000,650.0000,430.0000,124.1353,387.3355,386.8360,-0.5463,64.0000
2026-03-22,479.2700,"jaen,bari,chania",438.5000,650.0000,430.0000,124.1353,386.0868,386.7112,-0.5507,64.0000
2026-03-29,471.8300,"jaen,bari,chania",426.5000,650.0000,430.0000,124.1353,380.0934,384.6892,-0.5687,64.0000
2026-04-05,477.7200,"jaen,bari,chania",436.0000,650.0000,430.0000,124.1353,384.8382,385.4625,-0.5665,64.0000
2026-04-12,476.3600,"jaen,bari,chania",428.0000,650.0000,450.0000,124.1353,383.7426,384.2904,-0.5783,64.0000
2026-04-19,466.5600,"jaen,bari,chania",418.0000,650.0000,430.0000,124.1353,375.8480,381.9180,-0.5987,65.0000
2026-04-26,471.5200,"jaen,bari,chania",426.0000,650.0000,430.0000,124.1353,379.8436,381.7931,-0.6022,65.0000
2026-05-03,464.6200,"jaen,bari,chania",421.0000,640.0000,420.0000,124.1353,374.2852,377.8458,-0.6330,66.0000
2026-05-10,462.5600,"jaen,bari,chania",418.0000,630.0000,430.0000,124.1353,372.6257,375.0666,-0.6547,66.0000
2026-05-17,462.2800,"jaen,bari,chania",419.0000,630.0000,425.0000,124.1353,372.4002,373.4555,-0.6677,67.0000
2026-05-24,448.0200,"jaen,bari,chania",396.0000,630.0000,425.0000,124.1353,360.9127,372.5129,-0.6757,67.0000
2026-05-31,443.2600,"jaen,bari,chania",398.0000,600.0000,425.0000,124.1353,357.0782,366.6564,-0.7197,68.0000
2026-06-07,428.6200,"jaen,bari,chania",386.0000,600.0000,385.0000,124.1353,345.2846,358.9954,-0.7768,69.0000
